category,incident_id,type,sub_type,headline,created,last_updated,end_time,is_major,road,suburb,delay_mins,latitude,longitude
incident,,CHANGED TRAFFIC CONDITIONS,null,,1730435174000,1731039229940,1845985500000,False,,St Clair to Erskine Park,,-33.7913423,150.7698515
incident,,CHANGED TRAFFIC CONDITIONS,null,,1741064710000,1742216414158,1789480800000,False,,Rockdale,,-33.9613516,151.1448757
incident,,CHANGED TRAFFIC CONDITIONS,null,,1689675604000,1770254409038,1798651800000,False,,Sydney,,-33.8519144,151.2108798
incident,,CHANGED TRAFFIC CONDITIONS,null,,1623975269000,1770552021647,1801393200000,False,,Yarrangobilly to Cabramurra,,-35.753159,148.386062
incident,,CHANGED TRAFFIC CONDITIONS,null,,1738242967000,1775015867526,1798695000000,False,,Mount Seaview,,-31.415138,152.3422904
incident,,CHANGED TRAFFIC CONDITIONS,null,,1776273837000,1776273837539,1782414900000,False,,Prestons to Cecil Park,,-33.9563808,150.8765736
incident,,CHANGED TRAFFIC CONDITIONS,null,,1757304215000,1778030341705,1793340000000,False,,Wallendbeen,,-34.5178877,148.1647014
incident,,CHANGED TRAFFIC CONDITIONS,null,,1779152525000,1779152526374,1843372800000,False,,Cooma,,-36.2193488,149.1345826
incident,,CHANGED TRAFFIC CONDITIONS,null,,1778045281000,1779241922464,1782059400000,False,,Surry Hills,,-33.8892761,151.2061116
incident,,CHANGED TRAFFIC CONDITIONS,null,,1780260754000,1780456566958,1781481600000,False,,Crows Nest,,-33.8209006,151.2049312
incident,,CHANGED TRAFFIC CONDITIONS,Tree trimming,,1779776571000,1780467782405,1783623600000,False,,Surry Hills,,-33.8918843,151.2167204
incident,,CHANGED TRAFFIC CONDITIONS,null,,1780578069000,1780578070143,1783873800000,False,,Chatswood,,-33.7966158,151.1793454
incident,,HAZARD,Water over road,,1771800143000,1780848327595,,False,,Mutawintji,,-31.295815,142.264271
incident,,HAZARD,Road damage,,1772359080000,1780848327800,,False,,Broken Hill,,-31.865043,141.43248
incident,,HAZARD,Road damage,,1767935993000,1780848328666,,False,,Duckmaloi,,-33.6987275,149.9603177
incident,,CHANGED TRAFFIC CONDITIONS,null,,1648163263000,1780848328443,,False,,Kosciuszko National Park,,-35.9282462,148.6138996
incident,,HAZARD,Landslide,,1725427473000,1780848328830,,False,,Jenolan,,-33.784505,150.0249197
incident,,HAZARD,Road damage,,1771800463000,1780848357827,,False,,Broken Hill to Menindee,,-32.671632,141.862196
incident,,HAZARD,Road damage,,1770508288000,1780848357465,,False,,Nuntherungie to Kayrunnera,,-30.724255,142.527272
incident,,HAZARD,Road damage,,1743135254000,1780848358737,,False,,Fowlers Gap to Teilta,,-31.049845,141.540329
incident,,HAZARD,Road damage,,1757463381000,1780848357995,,False,,The Veldt to Westwood Downs,,-30.7700078,141.644444
incident,,HAZARD,Road damage,,1771800069000,1780848358198,,False,,Coona Point to Bindara,,-32.8930075,142.3442075
incident,,HAZARD,Road damage,,1771799999000,1780848358383,,False,,Bindara,,-32.7201863,142.0969596
incident,,HAZARD,Road damage,,1770507611000,1780848358560,,False,,Fowlers Gap to Mutawintji Road,,-31.481217,141.851513
incident,,HAZARD,Road damage,,1771799818000,1780848358941,,False,,Mutawintji National Park to White Cliffs,,-30.9828754,142.332998
incident,,CHANGED TRAFFIC CONDITIONS,Load limit,,1746599074000,1780848375692,,False,,Kangaroo Valley,,-34.7273229,150.5208424
incident,,HAZARD,Landslide,,1768777535000,1780848375479,,False,,West of Bellingen,,-30.4207158,152.8435691
incident,,ADVERSE WEATHER,Water over road,,1770870032000,1780848375248,,False,,Border Downs to Hawker Gate,,-30.0902314,141.0108968
incident,,HAZARD,Road damage,,1777937501000,1780848376859,,False,,Walgett,,-29.9736576,148.1483208
incident,,ADVERSE WEATHER,Water over road,,1772623341000,1780848376105,,False,,Broken Hill to Menindee,,-32.1823803,142.0518164
incident,,HAZARD,Road damage,,1770869975000,1780848376288,,False,,Hawker Gate to Yandama,,-29.7505784,141.1454512
incident,,HAZARD,Road damage,,1770849894000,1780848376476,,False,,Packsaddle to Tibooburra,,-29.9339596,142.0463615
incident,,HAZARD,Road damage,,1773797906000,1780848376673,,False,,Broken Hill to Packsaddle,,-30.8187006,141.7988723
incident,,HAZARD,Road damage,,1749087730000,1780848396748,,False,,Broughams Gate,,-31.263375,141.321757
incident,,HAZARD,Road damage,,1778813135000,1780848397025,,False,,Wilcannia to Broken Hill,,-31.5815822,143.1547528
incident,,ADVERSE WEATHER,Water over road,,1749087305000,1780848423634,,False,,Yanco Glen to Teilta,,-31.3877928,141.4727953
incident,,EMERGENCY ROADWORK,null,EMERGENCY ROADWORK Road damage MOUNT VICTORIA Great Western Highway at Victoria Pass,1772690097000,1780862552955,,True,,Mount Victoria,,-33.5814227,150.2331624
incident,,FERRY OUT OF SERVICE,Low tide,,1777609891000,1780877245046,,False,,Wymah (east of Albury),,-36.0393117,147.2660376
incident,,HAZARD,Road damage,,1779859838000,1780881211608,,False,,The Veldt to Milparinka,,-30.8111163,141.799733
incident,,HAZARD,Road damage,,1774508702000,1780884585598,,False,,White Cliffs to Tibooburra,,-30.7169814,142.6309997
incident,,HAZARD,null,,1773178717000,1780884842310,,False,,Silverton to Broughams Gate,,-31.723257,141.235719
incident,,CHANGED TRAFFIC CONDITIONS,null,,1724976866000,1780938002495,1781452800000,False,,Chatswood,,-33.7963919,151.1801047
incident,,HAZARD,Road damage,,1779065176000,1781110057025,,False,,Nundora to Petita,,-30.6629197,142.1900946
incident,,HAZARD,Road damage,,1770870744000,1781135447780,,False,,Yandama to Waka,,-29.580608,141.299623
incident,,HAZARD,Road damage,,1771800547000,1781135513399,,False,,Milparinka to Yandama,,-29.680335,141.449892
incident,,HAZARD,Road damage,,1770695727000,1781135597147,,False,,Milparinka,,-29.470923,141.588625
incident,,CHANGED TRAFFIC CONDITIONS,null,,1773029290000,1781139605612,1798689480000,False,,Luddenham to Cecil Hills,,-33.8748465,150.8393645
incident,,HAZARD,Road damage,,1770508243000,1781151333509,,False,,Mutawintji,,-31.5758454,142.3352071
incident,,HAZARD,Road damage,,1771800604000,1781220381268,,False,,Wanaaring,,-29.7228641,144.1148799
incident,,HAZARD,Road damage,,1743156913000,1781220505984,,False,,Wanaaring to Willara Crossing,,-29.242083,144.480542
incident,,HAZARD,Road damage,,1659764098000,1781220560828,,False,,Monolon to Borrona Downs,,-29.9584222,143.1892275
incident,,HAZARD,Road damage,,1779061127000,1781220605457,,False,,Borrona Downs to Wanaaring,,-29.707162,143.379837
incident,,HAZARD,Road damage,,1778982494000,1781220652085,,False,,Borrona Downs to Tibooburra,,-29.7270869,142.6388969
incident,,CHANGED TRAFFIC CONDITIONS,due to an earlier incident,,1781306794000,1781382531331,,False,,Wisemans Ferry,,-33.3794644,150.9891207
incident,,EMERGENCY ROADWORK,null,,1781428441000,1781428442098,,False,,Cooranbong,,-33.0926041,151.4688101
incident,,EMERGENCY ROADWORK,null,,1781429139000,1781429139626,,False,,Halloran,,-33.23545,151.434968
incident,,BREAKDOWN,Truck,,1781429497000,1781429498026,,False,,Mount Ousley,,-34.3947582,150.8630063
incident,,BREAKDOWN,B-double,,1781430991000,1781430992363,,False,,Hurstville,,-33.970581,151.0987326
incident,,CHANGED TRAFFIC CONDITIONS,due to an earlier incident,,1781415897000,1781431088269,,False,,Morundah,,-35.044531,146.197112
incident,,EMERGENCY ROADWORK,null,,1781422175000,1781431121274,,False,,Colo Heights,,-33.3181731,150.7017676
roadwork,,SCHEDULED ROADWORK,Upgrade,,1744170880000,1744170880667,1782786000000,False,,Hume,,-35.3841124,149.1696418
roadwork,,SCHEDULED ROADWORK,null,,1760407931000,1761814863759,1785505500000,False,,Londonderry,,-33.6265741,150.7481376
roadwork,,SCHEDULED ROADWORK,null,,1756950268000,1763021512448,1798657200000,False,,Cooranbong,,-33.0677175,151.4781779
roadwork,,SCHEDULED ROADWORK,Warringah Freeway Upgrade,,1765236505000,1765239104849,1800727200000,False,,Rozelle,,-33.8717729,151.1737592
roadwork,,SCHEDULED ROADWORK,null,,1766012529000,1767121262184,1805928780000,False,,Colo Heights,,-33.4971628,150.8143099
roadwork,,SCHEDULED ROADWORK,null,,1768532828000,1768532828859,1782533040000,False,,Glencoe,,-29.930294,151.723526
roadwork,,SCHEDULED ROADWORK,Bridge work,,1724375591000,1769146030512,1795957200000,False,,Gunnedah,,-30.9716711,150.2542159
roadwork,,SCHEDULED ROADWORK,Resurfacing,,1769076502000,1769554863940,1783710000000,False,,Glenbrook,,-33.7590042,150.6125173
roadwork,,SCHEDULED ROADWORK,null,,1769147202000,1770294448331,1782543600000,False,,Drake,,-28.923827,152.351129
roadwork,,SCHEDULED ROADWORK,null,,1770605921000,1770862701032,1785744000000,False,,Murrengenburg,,-35.5484131,149.9853045
roadwork,,SCHEDULED ROADWORK,null,,1763682355000,1771279959967,1814316300000,False,,Dubbo,,-32.3351733,148.7584421
roadwork,,SCHEDULED ROADWORK,Upgrade,,1728869409000,1771557424700,1798657200000,False,,Wollongong,,-34.401931,150.8805409
roadwork,,SCHEDULED ROADWORK,Upgrade,,1771805325000,1771816623100,1790751600000,False,,Moree,,-29.5306028,149.3152783
roadwork,,SCHEDULED ROADWORK,null,,1772493595000,1772494272002,1798653600000,False,,Pitt Town,,-33.5894778,150.8624757
roadwork,,SCHEDULED ROADWORK,Road/lane widening,,1771794007000,1772509198112,1785484800000,False,,Burren Junction,,-30.013482,148.410538
roadwork,,SCHEDULED ROADWORK,null,,1759893185000,1772702163215,1782827100000,False,,Pitt Town,,-33.5873657,150.8676196
roadwork,,SCHEDULED ROADWORK,Road/lane widening,,1771808461000,1773371606112,1782806400000,False,,Walgett,,-30.4154146,148.1631903
roadwork,,SCHEDULED ROADWORK,Intersection upgrade,,1757655486000,1773378860252,1785130560000,False,,Mayfield,,-32.890916,151.740667
roadwork,,SCHEDULED ROADWORK,Upgrade,,1773380288000,1773380288684,1782759600000,False,,Wilton,,-34.2155326,150.6833235
roadwork,,SCHEDULED ROADWORK,null,,1773375715000,1773475654944,1798721100000,False,,St Clair,,-33.8052051,150.770717
roadwork,,SCHEDULED ROADWORK,Resurfacing,,1773878406000,1773878407096,1813910400000,False,,Moree,,-28.9559641,150.0855233
roadwork,,SCHEDULED ROADWORK,Upgrade,,1751852724000,1773967164420,1796108400000,False,,Goondah,,-34.7355179,148.7251972
roadwork,,SCHEDULED ROADWORK,Bridge work,,1764114303000,1774569717366,1824966000000,False,,Dungog,,-32.3968214,151.7640177
roadwork,,SCHEDULED ROADWORK,null,,1773880937000,1774573101509,1782806400000,False,,Walgett,,-30.4677366,148.1947916
roadwork,,SCHEDULED ROADWORK,null,,1774587633000,1774587634012,1793343600000,False,,Armidale,,-30.3923501,151.6880998
roadwork,,SCHEDULED ROADWORK,Intersection upgrade,,1758166698000,1775012431916,1790751600000,False,,Denman,,-32.376229,150.719373
roadwork,,SCHEDULED ROADWORK,Intersection upgrade,,1775012758000,1775012759363,1782827100000,False,,Leadville,,-32.035851,149.491252
roadwork,,SCHEDULED ROADWORK,Intersection upgrade,,1775013175000,1775013176190,1782806400000,False,,Muswellbrook,,-32.294753,150.861196
roadwork,,SCHEDULED ROADWORK,Bridge work,,1775611815000,1775611816513,1860476400000,False,,Collarenebri,,-29.5449908,148.6528176
roadwork,,SCHEDULED ROADWORK,Slope stabilisation,,1775106565000,1775734854304,1787126400000,False,,Gillieston Heights,Significant,-32.755131,151.5351661
roadwork,,SCHEDULED ROADWORK,Bridge work,,1776024061000,1776024062284,1793343600000,False,,Murwillumbah,,-28.3283513,153.399799
roadwork,,SCHEDULED ROADWORK,null,,1776024072000,1776024073165,1796004000000,False,,Fernmount,,-30.4694848,152.9300065
roadwork,,SCHEDULED ROADWORK,Upgrade,,1755230974000,1776320521352,1797770700000,False,,Moruya,,-35.9234476,150.089204
roadwork,,SCHEDULED ROADWORK,null,,1768533068000,1776386759908,1782533340000,False,,Goonoo Goonoo,,-31.2759618,150.9066389
roadwork,,SCHEDULED ROADWORK,Intersection upgrade,,1776389170000,1776389171139,1789974000000,False,,Casino,,-28.8598983,153.0735841
roadwork,,SCHEDULED ROADWORK,null,,1776393827000,1776393827563,1782806400000,False,,Bathurst,,-33.395005,149.594922
roadwork,,SCHEDULED ROADWORK,Bridge work,,1774911770000,1776728210181,1782457200000,False,,Tintaldra,,-36.0457386,147.9323144
roadwork,,SCHEDULED ROADWORK,null,,1776733204000,1776733205496,1782806400000,False,,Moree,,-29.3013331,149.982309
roadwork,,SCHEDULED ROADWORK,null,,1776904674000,1776904675240,1782590400000,False,,Moree,,-29.0028092,150.0675428
roadwork,,SCHEDULED ROADWORK,null,,1776989792000,1776989793324,1782806400000,False,,Gunnedah,,-31.078262,149.974753
roadwork,,SCHEDULED ROADWORK,null,,1776991506000,1776991506859,1782806400000,False,,Tindal,,-29.666473,152.826375
roadwork,,SCHEDULED ROADWORK,null,,1777423936000,1777423937140,1781805600000,False,,Albion Park Rail,,-34.568033,150.80309
roadwork,,SCHEDULED ROADWORK,Upgrade,,1753683346000,1777504727514,1797570000000,False,,Singleton Military Area,,-32.6390147,151.205605
roadwork,,SCHEDULED ROADWORK,null,,1772789898000,1777516947614,1782673200000,False,,Kingsgrove,,-33.950493,151.096531
roadwork,,SCHEDULED ROADWORK,Intersection upgrade,,1752038824000,1777529652514,1814418000000,False,,Wamberal,,-33.4146443,151.4505728
roadwork,,SCHEDULED ROADWORK,null,,1772150527000,1777599801051,1784707200000,False,,Sandy Hollow,Significant,-32.3291976,150.6007794
roadwork,,SCHEDULED ROADWORK,null,,1776711645000,1777622157830,1781852400000,False,,Coalcliff,,-34.2458044,150.9739933
roadwork,,SCHEDULED ROADWORK,null,,1777651709000,1777651744977,1781636400000,False,,Pyrmont,,-33.8695056,151.1872791
roadwork,,SCHEDULED ROADWORK,null,,1777905329000,1777905330262,1782673200000,False,,Frenchs Forest,,-33.7457154,151.222468
roadwork,,SCHEDULED ROADWORK,null,,1757563046000,1777939636138,1788033600000,False,,New Lambton Heights,,-32.9303134,151.6914178
roadwork,,SCHEDULED ROADWORK,Road/lane widening,,1768448345000,1778036304163,1798700400000,False,,Tomingley,,-32.5974954,148.2180504
roadwork,,SCHEDULED ROADWORK,Bridge work,,1768345804000,1778127946725,1786348800000,False,,Warroo,,-33.327736,147.581886
roadwork,,SCHEDULED ROADWORK,Road/lane widening,,1768446501000,1778135282653,1782802800000,False,,Neurea,,-32.6628392,148.9409995
roadwork,,SCHEDULED ROADWORK,Upgrade,,1778151175000,1778151175481,1782155700000,False,,Riverwood,,-33.9431952,151.0561506
roadwork,,SCHEDULED ROADWORK,Maintenance,,1777418318000,1778198710500,1781852400000,False,,Jerrys Plains,,-32.4352825,150.7941306
roadwork,,SCHEDULED ROADWORK,Maintenance,,1778446846000,1778446846633,1782460800000,False,,Euston,,-34.5746036,142.7396823
roadwork,,SCHEDULED ROADWORK,null,,1778465266000,1778465266769,1783065600000,False,,Oberon,,-33.7232857,149.9120072
roadwork,,SCHEDULED ROADWORK,Maintenance,,1778479992000,1778479993055,1781849280000,False,,Mayfield,,-32.9002243,151.7404208
roadwork,,SCHEDULED ROADWORK,Upgrade,,1778544228000,1778544228717,1793412000000,False,,Mulloon,,-35.2416869,149.6015488
roadwork,,SCHEDULED ROADWORK,Utilities,,1771473557000,1778656524547,1781982000000,False,,Campsie,,-33.918057,151.104804
roadwork,,SCHEDULED ROADWORK,Road/lane widening,,1778719910000,1778719910444,1782720000000,False,,Wellington,,-32.540075,148.942217
roadwork,,SCHEDULED ROADWORK,null,,1778718874000,1778720165218,1788270300000,False,,Yass,,-34.805718,148.9256343
roadwork,,SCHEDULED ROADWORK,null,,1778720841000,1778720842187,1781942400000,False,,Orange,,-33.375116,149.1893172
roadwork,,SCHEDULED ROADWORK,null,,1778721070000,1778721070919,1781942400000,False,,Orange,,-33.274784,149.069172
roadwork,,SCHEDULED ROADWORK,Maintenance,,1778446854000,1778721256360,1782460800000,False,,Wentworth,,-34.0969829,141.9150064
roadwork,,SCHEDULED ROADWORK,null,,1778724779000,1778724780217,1782806400000,False,,West Wyalong,,-33.929067,147.19142
roadwork,,SCHEDULED ROADWORK,null,,1773965885000,1778724828511,1782806400000,False,,Wyalong,,-33.926459,147.251324
roadwork,,SCHEDULED ROADWORK,Upgrade,,1774555203000,1778726136782,1781924400000,False,,Table Top,,-35.96955,147.0043856
roadwork,,SCHEDULED ROADWORK,Maintenance,,1778755553000,1778755553741,1781809200000,False,,Macquarie Park to Artarmon,,-33.8022332,151.1459093
roadwork,,SCHEDULED ROADWORK,Utilities,,1778756206000,1778756206922,1782068400000,False,,Beverly Hills,,-33.9429538,151.0766088
roadwork,,SCHEDULED ROADWORK,null,,1778768579000,1778768657920,1789689600000,False,,Pitt Town,,-33.5917414,150.8686475
roadwork,,SCHEDULED ROADWORK,Maintenance,,1775658940000,1779134178124,1782414900000,False,,Gordon,,-33.756644,151.152982
roadwork,,SCHEDULED ROADWORK,Intersection upgrade,,1765327402000,1779160151251,1782846000000,False,,Randwick,,-33.903993,151.25285
roadwork,,SCHEDULED ROADWORK,Power pole/line repairs,,1779190580000,1779190580608,1781464500000,False,,Hornsby,,-33.7080523,151.0986446
roadwork,,SCHEDULED ROADWORK,null,,1779242670000,1779243194639,1796042700000,False,,Richmond,,-33.621147,150.7311219
roadwork,,SCHEDULED ROADWORK,Upgrade,,1753682542000,1779260482958,1797577200000,False,,Singleton,,-32.5884993,151.1930633
roadwork,,SCHEDULED ROADWORK,Maintenance,,1779307201000,1779307202098,1782763200000,False,,Narooma,,-36.2017797,150.117871
roadwork,,SCHEDULED ROADWORK,null,,1779314997000,1779315141977,1781856000000,False,,Orange to Molong,,-33.2332182,149.0489487
roadwork,,SCHEDULED ROADWORK,Bridge work,,1777244462000,1779322115126,1792134000000,False,,Oxley,,-34.1974802,144.1107201
roadwork,,SCHEDULED ROADWORK,Upgrade,,1760931335000,1779333629174,1781856000000,False,,Yarrangobilly,,-35.7452231,148.521459
roadwork,,SCHEDULED ROADWORK,null,,1779335202000,1779335202974,1785481200000,False,,Nambucca Heads,,-30.6271664,152.9746355
roadwork,,SCHEDULED ROADWORK,null,,1779352255000,1779352285875,1782414000000,False,,Wattle Grove,,-33.9421695,150.9414126
roadwork,,SCHEDULED ROADWORK,Slope stabilisation,,1755160676000,1779406149743,1781531100000,False,,Piora,,-28.85103,152.893591
roadwork,,SCHEDULED ROADWORK,Upgrade,,1747788865000,1779406608391,1782720000000,False,,Bendemeer,,-30.8104095,151.2481159
roadwork,,SCHEDULED ROADWORK,null,,1779416449000,1779416449784,1782543600000,False,,Uralla,,-30.620908,151.528597
roadwork,,SCHEDULED ROADWORK,Slope stabilisation,,1771182069000,1779418487732,1782806400000,False,,Gibraltar Range,,-29.6433836,152.7857668
roadwork,,SCHEDULED ROADWORK,Upgrade,,1779418610000,1779418610700,1782064800000,False,,Mount Ousley,,-34.4020779,150.8839854
roadwork,,SCHEDULED ROADWORK,null,,1779450264000,1779450292308,1782328500000,False,,Milperra,,-33.9450049,150.9816541
roadwork,,SCHEDULED ROADWORK,null,,1779685816000,1779685817444,1782846000000,False,,Banksmeadow,,-33.9663478,151.2250948
roadwork,,SCHEDULED ROADWORK,Maintenance,,1779707715000,1779707716046,1782240300000,False,,Sydney,,-33.8615188,151.2120669
roadwork,,SCHEDULED ROADWORK,null,,1719791397000,1779742817140,1798660800000,False,,Coffs Harbour,,-30.253,153.1313623
roadwork,,SCHEDULED ROADWORK,Bridge work,,1778463775000,1779774609713,1781856000000,False,,Larras Lee,,-33.0066257,148.8649823
roadwork,,SCHEDULED ROADWORK,Intersection upgrade,,1775021462000,1779784247052,1782846900000,False,,Kensington,,-33.903914,151.214292
roadwork,,SCHEDULED ROADWORK,Maintenance,,1779785097000,1779785098291,1782414900000,False,,Sydney,,-33.8673022,151.2174614
roadwork,,SCHEDULED ROADWORK,Maintenance,,1779786173000,1779786173823,1782846900000,False,,Darlinghurst,,-33.8746052,151.2167743
roadwork,,SCHEDULED ROADWORK,null,,1732752139000,1779786733886,1798705260000,False,,North Sydney to Cammeray,,-33.841515,151.2105237
roadwork,,SCHEDULED ROADWORK,null,,1737671133000,1779838196868,1783863900000,False,,Jesmond,,-32.9064116,151.6931241
roadwork,,SCHEDULED ROADWORK,Bridge work,,1777603539000,1779841476940,1782802800000,False,,Larbert,,-35.3424957,149.738123
roadwork,,SCHEDULED ROADWORK,null,,1779881129000,1779881129573,1782069300000,False,,Ashfield,,-33.8883666,151.119298
roadwork,,SCHEDULED ROADWORK,null,,1777548923000,1779881983038,1782846900000,False,,Engadine,,-34.076321,151.011144
roadwork,,SCHEDULED ROADWORK,Resurfacing,,1777029074000,1779882159593,1782933300000,False,,Willoughby,,-33.8071048,151.1993192
roadwork,,SCHEDULED ROADWORK,null,,1777906194000,1779882517810,1781464500000,False,,Camperdown,,-33.8862479,151.1791403
roadwork,,SCHEDULED ROADWORK,Resurfacing,,1770809639000,1779883161581,1782846900000,False,,St Ives,,-33.7278058,151.1646267
roadwork,,SCHEDULED ROADWORK,null,,1779884089000,1779884089511,1783365300000,False,,Bell,,-33.5140561,150.490372
roadwork,,SCHEDULED ROADWORK,null,,1779884670000,1779884670846,1781896500000,False,,Prestons,,-33.9507985,150.8834644
roadwork,,SCHEDULED ROADWORK,null,,1779401989000,1779940740238,1781856000000,False,,Grenfell,,-33.8506683,147.8759088
roadwork,,SCHEDULED ROADWORK,null,,1762401587000,1779941952404,1781506800000,False,,Young,,-34.25851,148.39457
roadwork,,SCHEDULED ROADWORK,Bridge work,,1776905576000,1779942607635,1781942400000,False,,Warren,,-31.6756761,147.853603
roadwork,,SCHEDULED ROADWORK,Power pole/line repairs,,1779943934000,1779943935301,1783969200000,False,,Bilgola Beach,,-33.651329,151.32316
roadwork,,SCHEDULED ROADWORK,Maintenance,,1779946318000,1779946318725,1782409500000,False,,Cowan,,-33.5998105,151.1701539
roadwork,,SCHEDULED ROADWORK,null,,1779947496000,1779947497029,1784055600000,False,,Padstow,,-33.953893,151.038115
roadwork,,SCHEDULED ROADWORK,Intersection upgrade,,1779948279000,1779948280293,1783451700000,False,,McGraths Hill,,-33.6151441,150.8337681
roadwork,,SCHEDULED ROADWORK,Utilities,,1779948604000,1779948867831,1782759600000,False,,North Sydney,,-33.828791,151.201599
roadwork,,SCHEDULED ROADWORK,null,,1778203202000,1779965955505,1781810100000,False,,St Andrews to Woodbine,,-34.0453595,150.8293363
roadwork,,SCHEDULED ROADWORK,null,,1774865114000,1779993062007,1783017900000,False,,Lane Cove,,-33.801385,151.179567
roadwork,,SCHEDULED ROADWORK,null,,1780005018000,1780005019168,1786089600000,False,,Dunkeld,,-33.4141784,149.4643819
roadwork,,SCHEDULED ROADWORK,null,,1764649976000,1780007823196,1782716400000,False,,Westdale,,-31.0862926,150.8596894
roadwork,,SCHEDULED ROADWORK,Slope stabilisation,,1743072674000,1780008139776,1794826200000,False,,Howes Valley,,-32.802411,150.898404
roadwork,,SCHEDULED ROADWORK,Slope stabilisation,,1780011543000,1780011544054,1787558400000,False,,Howes Valley,,-32.770658,150.920803
roadwork,,SCHEDULED ROADWORK,Resurfacing,,1780017471000,1780017472229,1783623600000,False,,Epping,,-33.7715483,151.0884439
roadwork,,SCHEDULED ROADWORK,Resurfacing,,1780017701000,1780017769002,1783623600000,False,,Arncliffe,,-33.939187,151.145652
roadwork,,SCHEDULED ROADWORK,null,,1780019127000,1780019128103,1783882800000,False,,Castlecrag to Castle Cove,,-33.7913822,151.2069979
roadwork,,SCHEDULED ROADWORK,null,,1780021688000,1780021688490,1782806400000,False,,Beckom,,-34.330185,146.945454
roadwork,,SCHEDULED ROADWORK,Resurfacing,,1779172696000,1780028138980,1782414000000,False,,Lane Cove North,,-33.7997458,151.1422244
roadwork,,SCHEDULED ROADWORK,Upgrade,,1780032497000,1780032516759,1781463600000,False,,Robertson,,-34.587698,150.5854912
roadwork,,SCHEDULED ROADWORK,Resurfacing,,1779421431000,1780036519811,1782759600000,False,,Fairfield,,-33.863961,150.954288
roadwork,,SCHEDULED ROADWORK,Maintenance,,1780052309000,1780052309650,1783624500000,False,,Mosman,,-33.8244202,151.2353176
roadwork,,SCHEDULED ROADWORK,Bridge work,,1778122809000,1780081203652,1785484800000,False,,Kangaroo Valley,,-34.7274653,150.520913
roadwork,,SCHEDULED ROADWORK,null,,1780257652000,1780257652866,1783580400000,False,,Mount Tomah,,-33.5719374,150.358125
roadwork,,SCHEDULED ROADWORK,Upgrade,,1780281810000,1780281810511,1782242100000,False,,Georges Hall,,-33.907005,150.982092
roadwork,,SCHEDULED ROADWORK,null,,1780289806000,1780289833228,1783451700000,False,,Mosman,,-33.824345,151.241039
roadwork,,SCHEDULED ROADWORK,null,,1780293346000,1780293347344,1781809200000,False,,Jesmond,,-32.9048347,151.6908898
roadwork,,SCHEDULED ROADWORK,Maintenance,,1780298786000,1780298786915,1781809200000,False,,Sydney,,-33.8722211,151.2034189
roadwork,,SCHEDULED ROADWORK,Resurfacing,,1780299345000,1780299345449,1783364400000,False,,Granville,,-33.8275325,151.0044107
roadwork,,SCHEDULED ROADWORK,Maintenance,,1780301556000,1780301556634,1781807400000,False,,Beverly Hills to Mascot,,-33.9400666,151.0858992
roadwork,,SCHEDULED ROADWORK,Maintenance,,1780301887000,1780301887544,1782412200000,False,,Macquarie Park,,-33.7797425,151.1339227
roadwork,,SCHEDULED ROADWORK,Bridge work,,1780347652000,1780347652737,1783152000000,False,,Warkworth,,-32.5663932,151.0216632
roadwork,,SCHEDULED ROADWORK,null,,1763332212000,1780355982844,1788163200000,False,,Milton,,-35.3284658,150.4475106
roadwork,,SCHEDULED ROADWORK,Resurfacing,,1780356880000,1780356958581,1781896500000,False,,Warnervale to Mardi,,-33.2511644,151.404733
roadwork,,SCHEDULED ROADWORK,Bridge work,,1780357673000,1780357853974,1781467200000,False,,Narooma,,-36.2095331,150.1222629
roadwork,,SCHEDULED ROADWORK,null,,1780361070000,1780361071045,1783447200000,False,,Mardi,,-33.2985258,151.4045273
roadwork,,SCHEDULED ROADWORK,null,,1780361885000,1780361886445,1782846000000,False,,Kogarah,,-33.9712624,151.1363269
roadwork,,SCHEDULED ROADWORK,null,,1780362605000,1780363827127,1782414900000,False,,Avalon Beach to Newport,,-33.634757,151.330525
roadwork,,SCHEDULED ROADWORK,null,,1780370384000,1780370385012,1781670600000,False,,Surry Hills,,-33.8864799,151.2178429
roadwork,,SCHEDULED ROADWORK,Bridge work,,1780445048000,1780445048883,1781942400000,False,,Narrabri,,-30.3157565,149.7792672
roadwork,,SCHEDULED ROADWORK,Resurfacing,,1779698089000,1779698089773,1781810100000,False,,Beacon Hill,,-33.7544689,151.260899
roadwork,,SCHEDULED ROADWORK,Power pole/line repairs,,1778580059000,1780452865054,1781464500000,False,,Bexley,,-33.9496121,151.1204706
roadwork,,SCHEDULED ROADWORK,null,,1780453479000,1780453479944,1784833200000,False,,Nowra,,-34.878976,150.604706
roadwork,,SCHEDULED ROADWORK,null,,1780453814000,1780453815195,1782370800000,False,,Gundagai,,-35.031481,148.108951
roadwork,,SCHEDULED ROADWORK,null,,1736213111000,1780458009426,1795971600000,False,,Black Hill to Tomago,,-32.8128394,151.6577908
roadwork,,SCHEDULED ROADWORK,null,,1779359731000,1780458866962,1781723700000,False,,Macquarie Park,,-33.7811487,151.1319978
roadwork,,SCHEDULED ROADWORK,null,,1780461965000,1780461966355,1782673200000,False,,Narellan,,-34.0377574,150.7439135
roadwork,,SCHEDULED ROADWORK,Maintenance,,1780465825000,1780467498193,1781719200000,False,,Northmead,,-33.7967408,150.9871404
roadwork,,SCHEDULED ROADWORK,Utilities,,1780481674000,1780481675023,1782327600000,False,,Casula,,-33.9548893,150.8962132
roadwork,,SCHEDULED ROADWORK,Maintenance,,1780487600000,1780487693812,1781722800000,False,,Eastern Creek,,-33.8020241,150.8874073
roadwork,,SCHEDULED ROADWORK,Maintenance,,1780513261000,1780513262504,1781810100000,False,,Mascot,,-33.92854,151.187098
roadwork,,SCHEDULED ROADWORK,null,,1780528320000,1780528321163,1785006000000,False,,Doyalson,,-33.19951,151.522727
roadwork,,SCHEDULED ROADWORK,null,,1775087103000,1780529073420,1782759600000,False,,Lithgow,,-33.474868,150.177335
roadwork,,SCHEDULED ROADWORK,null,,1780354861000,1780533160327,1783022400000,False,,Ashmont,,-35.1191193,147.33369
roadwork,,SCHEDULED ROADWORK,null,,1780534241000,1780534241631,1782327600000,False,,Grafton,,-29.6916295,152.9380725
roadwork,,SCHEDULED ROADWORK,Slope stabilisation,,1777233603000,1780538381529,1784016000000,False,,Trunkey Creek,,-33.941558,149.329723
roadwork,,SCHEDULED ROADWORK,null,,1777903533000,1780547705336,1781550900000,False,,Moorebank,,-33.940197,150.9268742
roadwork,,SCHEDULED ROADWORK,null,,1780548545000,1780548546310,1781463600000,False,,Prestons,,-33.9343956,150.870085
roadwork,,SCHEDULED ROADWORK,null,,1780549551000,1780549551785,1781463600000,False,,Eastern Creek,,-33.8128684,150.8529036
roadwork,,SCHEDULED ROADWORK,null,,1779700398000,1780549902245,1781810100000,False,,Liverpool,,-33.9380846,150.9143603
roadwork,,SCHEDULED ROADWORK,null,,1778215960000,1780550244762,1782327600000,False,,Milperra to Moorebank,,-33.9426482,150.9445291
roadwork,,SCHEDULED ROADWORK,Maintenance,,1780550628000,1780550628753,1781895600000,False,,Glenwood,,-33.744733,150.9392274
roadwork,,SCHEDULED ROADWORK,null,,1780552060000,1780552061247,1782028800000,False,,Silverton,,-31.804715,141.200745
roadwork,,SCHEDULED ROADWORK,null,,1780552398000,1780552399198,1784055600000,False,,Kirrawee,,-34.032037,151.076208
roadwork,,SCHEDULED ROADWORK,Bridge work,,1780552600000,1780552600863,1782806400000,False,,Croppa Creek,,-29.1246748,150.3320198
roadwork,,SCHEDULED ROADWORK,Surveying,,1780554878000,1780554976009,1783580400000,False,,Somersby,,-33.3657672,151.3317599
roadwork,,SCHEDULED ROADWORK,null,,1780555356000,1780555356924,1781722800000,False,,Waterloo,,-33.9007543,151.2139922
roadwork,,SCHEDULED ROADWORK,Bridge work,,1769647134000,1780555515679,1814342400000,False,,East Wagga Wagga,,-35.1215407,147.3876295
roadwork,,SCHEDULED ROADWORK,null,,1780555703000,1780555704125,1782154800000,False,,Haberfield to Rozelle,,-33.8755866,151.1262476
roadwork,,SCHEDULED ROADWORK,Surveying,,1780567831000,1780567831516,1782241200000,False,,Somersby,,-33.4033407,151.2979258
roadwork,,SCHEDULED ROADWORK,Maintenance,,1780568576000,1780568576664,1782760500000,False,,Ashfield,,-33.8865901,151.1187694
roadwork,,SCHEDULED ROADWORK,null,,1780570650000,1780570650655,1782241200000,False,,Rozelle to Leichhardt,,-33.8683759,151.1787747
roadwork,,SCHEDULED ROADWORK,null,,1780572455000,1780572677508,1782414000000,False,,St Peters to Rozelle,,-33.9134278,151.1802232
roadwork,,SCHEDULED ROADWORK,null,,1780572981000,1780572981492,1782327600000,False,,Rozelle to St Peters,,-33.8617204,151.1661811
roadwork,,SCHEDULED ROADWORK,null,,1780576544000,1780576544527,1782933300000,False,,Milperra,,-33.9329708,150.9772363
roadwork,,SCHEDULED ROADWORK,Surveying,,1780577430000,1780577430515,1784228400000,False,,Blacktown,,-33.7798665,150.9009427
roadwork,,SCHEDULED ROADWORK,Intersection upgrade,,1778039577000,1780598746812,1782844200000,False,,Chatswood,,-33.793404,151.179666
roadwork,,SCHEDULED ROADWORK,Maintenance,,1779459327000,1780598746828,1781808300000,False,,Northmead,,-33.7933182,150.9944217
roadwork,,SCHEDULED ROADWORK,Intersection upgrade,,1779073157000,1780599603145,1782327600000,False,,Thornleigh,,-33.731346,151.08027
roadwork,,SCHEDULED ROADWORK,Maintenance,,1777460328000,1780599603667,1781636400000,False,,Casula,,-33.943557,150.911212
roadwork,,SCHEDULED ROADWORK,Maintenance,,1779466002000,1780599603257,1782328500000,False,,Wahroonga,,-33.7143402,151.1133137
roadwork,,SCHEDULED ROADWORK,null,,1771398815000,1780599603754,1782846900000,False,,St Ives,,-33.7207945,151.1719865
roadwork,,SCHEDULED ROADWORK,Signage,,1779244114000,1780600546606,1781809200000,False,,Blakehurst to Carss Park,,-33.984429,151.1137168
roadwork,,SCHEDULED ROADWORK,null,,1777016453000,1780600546188,1782846000000,False,,Blakehurst,,-33.9869948,151.1109035
roadwork,,SCHEDULED ROADWORK,null,,1777640956000,1780601401873,1781550000000,False,,Hammondville,,-33.945277,150.9466235
roadwork,,FERRY OUT OF SERVICE,Routine maintenance,,1714533070000,1780611668606,1782910800000,False,,Sackville,,-33.5009118,150.8743757
roadwork,,FERRY OUT OF SERVICE,Routine maintenance,,1727725095000,1780611691508,1783431000000,False,,Wisemans Ferry,,-33.387231,150.979815
roadwork,,SCHEDULED ROADWORK,Upgrade,,1780614700000,1780614700956,1790924400000,False,,McDougalls Hill,Significant,-32.5552029,151.1537222
roadwork,,SCHEDULED ROADWORK,Maintenance,,1775044574000,1780616661722,1782846000000,False,,Heathcote to Lucas Heights,,-34.0661637,150.9965162
roadwork,,SCHEDULED ROADWORK,Resurfacing,,1780619516000,1780619516487,1782846000000,False,,Kirrawee,,-34.0198743,151.0904123
roadwork,,SCHEDULED ROADWORK,Resurfacing,,1780619695000,1780619696323,1781550000000,False,,Clyde,,-33.830737,151.0206934
roadwork,,SCHEDULED ROADWORK,Maintenance,,1770078616000,1780625917337,1788163200000,False,,Rockton,,-37.1610844,149.3195164
roadwork,,SCHEDULED ROADWORK,null,,1780540204000,1780626661607,1782028800000,False,,Wentworth to Tibooburra,,-33.103099,141.627421
roadwork,,SCHEDULED ROADWORK,null,,1769738602000,1780628424219,1790755200000,False,,Cangai,,-29.529423,152.4706111
roadwork,,SCHEDULED ROADWORK,Maintenance,,1780629555000,1780629680963,1783065600000,False,,Alleena to Ardlethan,,-34.180535,147.1134407
roadwork,,SCHEDULED ROADWORK,Bridge work,,1738908552000,1780629987011,1785481560000,False,,North Macksville,,-30.7052557,152.921233
roadwork,,SCHEDULED ROADWORK,Bridge work,,1775694899000,1780630346792,1787040000000,False,,Loftville,,-28.8460216,153.2620496
roadwork,,SCHEDULED ROADWORK,null,,1779408442000,1780630682068,1782806400000,False,,Somerton,,-30.959328,150.658628
roadwork,,SCHEDULED ROADWORK,Maintenance,,1778112995000,1780630899441,1782806400000,False,,Manilla,,-30.7159135,150.7083958
roadwork,,SCHEDULED ROADWORK,Upgrade,,1775090589000,1780631055341,1783666800000,False,,Tumbarumba to Kyeamba,,-35.772455,147.972901
roadwork,,SCHEDULED ROADWORK,Road/lane widening,,1766442675000,1780631115688,1798095600000,False,,Merriwa,,-32.1206044,150.2249318
roadwork,,SCHEDULED ROADWORK,Resurfacing,,1780264848000,1780631320615,1783540800000,False,,Lismore,,-28.8116712,153.3002789
roadwork,,SCHEDULED ROADWORK,Maintenance,,1768353176000,1780631498533,1797490800000,False,,Bethungra,,-34.742922,147.890807
roadwork,,SCHEDULED ROADWORK,null,,1776235306000,1780631597544,1783497600000,False,,Fernbrook,,-30.3452556,152.6536909
roadwork,,SCHEDULED ROADWORK,Resurfacing,,1776056353000,1780631670893,1782802800000,False,,Ravensworth,,-34.6450504,144.2411262
roadwork,,SCHEDULED ROADWORK,Slope stabilisation,,1675385272000,1780631803351,1793296800000,False,,Freemans Waterhole,,-32.968235,151.480038
roadwork,,SCHEDULED ROADWORK,null,,1773379331000,1780631949026,1785484800000,False,,Metz,,-30.5341818,151.877779
roadwork,,SCHEDULED ROADWORK,Slope stabilisation,,1779087143000,1780632132585,1782806400000,False,,Merriwa,,-32.1871526,150.4417863
roadwork,,SCHEDULED ROADWORK,null,,1763022487000,1780632235289,1782759600000,False,,Cooranbong,,-33.0795377,151.476153
roadwork,,SCHEDULED ROADWORK,Resurfacing,,1780632236000,1780632236435,1782802800000,False,,Combaning,,-34.454444,147.63601
roadwork,,SCHEDULED ROADWORK,null,,1768525354000,1780633122599,1790755200000,False,,Ellenborough,,-31.4419808,152.4226882
roadwork,,SCHEDULED ROADWORK,null,,1780633432000,1780633433234,1793157720000,False,,Jackadgery,,-29.5773354,152.5572981
roadwork,,SCHEDULED ROADWORK,null,,1780632935000,1780633515552,1782792780000,False,,Ourimbah,,-33.352161,151.370052
roadwork,,SCHEDULED ROADWORK,null,,1749117607000,1780633838746,1791010800000,False,,Guyra,,-30.3528681,151.6610821
roadwork,,SCHEDULED ROADWORK,Bridge work,,1780634105000,1780634105434,1781852400000,False,,Richmond Hill,,-28.6800567,153.5314779
roadwork,,SCHEDULED ROADWORK,Resurfacing,,1778458360000,1780634175985,1781938800000,False,,Armidale,,-30.489113,151.674832
roadwork,,SCHEDULED ROADWORK,null,,1778726993000,1780634238427,1782460800000,False,,Bungendore,,-35.2940806,149.4191697
roadwork,,SCHEDULED ROADWORK,Bridge work,,1780634443000,1780634443940,1782457200000,False,,Dilkoon,,-29.4842102,152.9767754
roadwork,,SCHEDULED ROADWORK,null,,1780635613000,1780635613926,1782327600000,False,,Cowan,,-33.545193,151.197525
roadwork,,SCHEDULED ROADWORK,Resurfacing,,1780636624000,1780636659335,1782154800000,False,,Werrington,,-33.768192,150.757896
roadwork,,SCHEDULED ROADWORK,Maintenance,,1780636920000,1780637004470,1782846000000,False,,Newtown,,-33.9057723,151.1810023
roadwork,,SCHEDULED ROADWORK,Signage,,1780637620000,1780637621303,1782932400000,False,,Petersham,,-33.896929,151.151568
roadwork,,SCHEDULED ROADWORK,null,,1780639018000,1780639019105,1782846000000,False,,North Narrabeen,,-33.709275,151.285581
roadwork,,SCHEDULED ROADWORK,Intersection upgrade,,1778653677000,1780643701535,1781809200000,False,,Rockdale,,-33.955187,151.137616
roadwork,,SCHEDULED ROADWORK,null,,1780659575000,1780659575699,1781983800000,False,,Lewisham,,-33.893979,151.1453284
roadwork,,SCHEDULED ROADWORK,null,,1780660026000,1780660026899,1782934200000,False,,Dulwich Hill,,-33.9032979,151.1424004
roadwork,,SCHEDULED ROADWORK,null,,1780660708000,1780660709429,1781638200000,False,,Eastern Creek,,-33.79996,150.8606323
roadwork,,SCHEDULED ROADWORK,Maintenance,,1780662769000,1780662770424,1782415800000,False,,Ashfield to North Strathfield,,-33.8626625,151.0847714
roadwork,,SCHEDULED ROADWORK,Surveying,,1780553329000,1780662969511,1781638200000,False,,Bar Point,,-33.5116333,151.1910352
roadwork,,SCHEDULED ROADWORK,null,,1779686594000,1780665653499,1785439800000,False,,Allambie Heights,,-33.7702891,151.265955
roadwork,,SCHEDULED ROADWORK,null,,1777017070000,1780665808406,1784662200000,False,,Haberfield,,-33.882156,151.133181
roadwork,,SCHEDULED ROADWORK,Resurfacing,,1780666097000,1780666098182,1781811000000,False,,Rosehill,,-33.8264629,151.021104
roadwork,,SCHEDULED ROADWORK,Maintenance,,1780302133000,1780718523810,1786648500000,False,,Wahroonga to Carlingford,,-33.7244916,151.1047677
roadwork,,SCHEDULED ROADWORK,Signage,,1779193149000,1780858862895,1781810100000,False,,Maroota to Mid Dural,,-33.434049,150.991954
roadwork,,SCHEDULED ROADWORK,Intersection upgrade,,1776668711000,1780859745885,1782414000000,False,,North Narrabeen,,-33.701903,151.2986337
roadwork,,SCHEDULED ROADWORK,Intersection upgrade,,1779166149000,1780859745930,1782327600000,False,,Frenchs Forest,,-33.7516083,151.2264977
roadwork,,SCHEDULED ROADWORK,Maintenance,,1776245989000,1780859746046,1781550000000,False,,Picnic Point,,-33.9799811,151.0112661
roadwork,,SCHEDULED ROADWORK,Maintenance,,1773732011000,1780859745998,1782846000000,False,,Beverly Hills,,-33.9549323,151.0792073
roadwork,,SCHEDULED ROADWORK,Utilities,,1779775801000,1780860661502,1783018800000,False,,Lewisham,,-33.894836,151.144458
roadwork,,SCHEDULED ROADWORK,Upgrade,,1777546958000,1780860661871,1782846000000,False,,Mulgoa to Wallacia,,-33.8528173,150.6527805
roadwork,,SCHEDULED ROADWORK,Bridge work,,1780862405000,1780862405614,1783670400000,False,,Mudgee,,-32.4815205,149.50774
roadwork,,SCHEDULED ROADWORK,null,,1780869645000,1780869646134,1782806400000,False,,Dunkeld,,-33.405358,149.48392
roadwork,,SCHEDULED ROADWORK,Bridge work,,1780869647000,1780869647907,1782410400000,False,,Casino,,-28.8684301,153.0446666
roadwork,,SCHEDULED ROADWORK,null,,1779838859000,1780945203662,1782327600000,False,,Bowral,,-34.4679242,150.4211927
roadwork,,SCHEDULED ROADWORK,Intersection upgrade,,1769746163000,1780946530190,1782846000000,False,,Earlwood,,-33.927698,151.108916
roadwork,,SCHEDULED ROADWORK,null,,1774259911000,1780946578907,1783279800000,False,,Campsie,,-33.922467,151.107152
roadwork,,SCHEDULED ROADWORK,Resurfacing,,1780643263000,1780946729309,1781982000000,False,,Bexley to Bexley North,,-33.9431619,151.1207584
roadwork,,SCHEDULED ROADWORK,Resurfacing,,1780637365000,1780946798873,1782846000000,False,,Banksmeadow,,-33.9648423,151.2233448
roadwork,,SCHEDULED ROADWORK,null,,1775727691000,1780946874450,1783278000000,False,,Monterey,,-33.9619763,151.1559084
roadwork,,SCHEDULED ROADWORK,Line marking,,1778849749000,1780946978113,1784229300000,False,,Wiley Park/Roselands,,-33.9294152,151.0723908
roadwork,,SCHEDULED ROADWORK,Maintenance,,1777463069000,1780947144433,1781810100000,False,,Springwood,,-33.698571,150.562858
roadwork,,SCHEDULED ROADWORK,Utilities,,1780363285000,1780947197786,1781723700000,False,,Glebe,,-33.876197,151.188993
roadwork,,SCHEDULED ROADWORK,null,,1775046162000,1780947243470,1781806500000,False,,Wyong to Mardi,,-33.291961,151.4061432
roadwork,,SCHEDULED ROADWORK,null,,1780277799000,1780947309147,1782760500000,False,,Hinchinbrook to Carnes Hill,,-33.921124,150.850785
roadwork,,SCHEDULED ROADWORK,Resurfacing,,1773377487000,1780947355003,1782414000000,False,,Lakemba,,-33.9221974,151.0948912
roadwork,,SCHEDULED ROADWORK,Utilities,,1778041460000,1780947397357,1783537200000,False,,Matraville,,-33.963865,151.221424
roadwork,,SCHEDULED ROADWORK,null,,1777644844000,1780947457974,1783538100000,False,,Seaforth,,-33.796388,151.250025
roadwork,,SCHEDULED ROADWORK,null,,1776256937000,1780947513927,1782846900000,False,,Manly,,-33.7868711,151.2821493
roadwork,,SCHEDULED ROADWORK,Line marking,,1777773299000,1780947698852,1782846000000,False,,Lithgow/Bell,,-33.4830805,150.2553211
roadwork,,SCHEDULED ROADWORK,Maintenance,,1775728748000,1780947779784,1782414000000,False,,Ashfield,,-33.8777846,151.1278944
roadwork,,SCHEDULED ROADWORK,Intersection upgrade,,1761112283000,1780947838365,1782846900000,False,,Bankstown,,-33.9342915,151.0376064
roadwork,,SCHEDULED ROADWORK,Upgrade,,1777472953000,1780947880261,1782414900000,False,,Caringbah,,-34.0373585,151.1181781
roadwork,,SCHEDULED ROADWORK,null,,1773315989000,1780947923238,1781464500000,False,,Sutherland,,-34.0303802,151.0635705
roadwork,,SCHEDULED ROADWORK,null,,1777015966000,1780948017852,1782846900000,False,,Ashfield,,-33.9047099,151.1285493
roadwork,,SCHEDULED ROADWORK,Intersection upgrade,,1772153791000,1780948058920,1783018800000,False,,Mascot,,-33.929659,151.194672
roadwork,,SCHEDULED ROADWORK,Utilities,,1779066844000,1780948157514,1781809200000,False,,Kemps Creek,,-33.8508046,150.7862011
roadwork,,SCHEDULED ROADWORK,Intersection upgrade,,1778786101000,1780948796034,1781722800000,False,,Werrington,,-33.7651078,150.7456922
roadwork,,SCHEDULED ROADWORK,null,,1777631024000,1780948848660,1781810100000,False,,Brighton-Le-Sands,,-33.957932,151.157886
roadwork,,SCHEDULED ROADWORK,Maintenance,,1776081805000,1780948895583,1781810100000,False,,Croydon Park,,-33.899629,151.0895982
roadwork,,SCHEDULED ROADWORK,Line marking,,1773140566000,1780948935836,1783623600000,False,,Blakehurst,,-33.9878222,151.1117446
roadwork,,SCHEDULED ROADWORK,Resurfacing,,1773352598000,1780949043734,1782414900000,False,,North Ryde,,-33.7958646,151.1487119
roadwork,,FERRY OUT OF SERVICE,Routine maintenance,,1752016547000,1780965374264,1783500300000,False,,Lower Portland,,-33.4382517,150.8873148
roadwork,,SCHEDULED ROADWORK,Intersection upgrade,,1708559225000,1780966381371,1835409600000,False,,Falls Creek,,-34.983267,150.5877001
roadwork,,SCHEDULED ROADWORK,Resurfacing,,1780967167000,1780967221770,1784660400000,False,,Pymble,,-33.7508839,151.147148
roadwork,,SCHEDULED ROADWORK,null,,1780013126000,1780971062037,1781809200000,False,,Eastern Creek,,-33.8100013,150.8513727
roadwork,,SCHEDULED ROADWORK,Resurfacing,,1779084166000,1780976792797,1783278000000,False,,Frenchs Forest,,-33.743538,151.2373961
roadwork,,SCHEDULED ROADWORK,Maintenance,,1780978620000,1780978620941,1781758800000,False,,Otford,,-34.1715758,151.0220487
roadwork,,FERRY OUT OF SERVICE,Routine maintenance,,1696899530000,1780979447248,1784036700000,False,,Berowra Waters,,-33.6001096,151.123662
roadwork,,SCHEDULED ROADWORK,Resurfacing,,1780981243000,1780981243745,1784055600000,False,,Burwood,,-33.887675,151.101647
roadwork,,SCHEDULED ROADWORK,null,,1780983088000,1780983229876,1783796400000,False,,Lilyfield,,-33.8717958,151.1584111
roadwork,,SCHEDULED ROADWORK,Maintenance,,1780638780000,1780984442326,1781636400000,False,,Prestons,,-33.9496548,150.8785943
roadwork,,SCHEDULED ROADWORK,Resurfacing,,1780985245000,1780985361547,1785438000000,False,,North Manly,,-33.781527,151.27843
roadwork,,SCHEDULED ROADWORK,null,,1780986843000,1780986940839,1785441600000,False,,Cambewarra Mountain,,-34.7834055,150.556346
roadwork,,SCHEDULED ROADWORK,Utilities,,1780985393000,1780992430716,1782501300000,False,,Marrickville,,-33.90338,151.155177
roadwork,,SCHEDULED ROADWORK,Resurfacing,,1781003297000,1781003628250,1781636400000,False,,Bexley,,-33.9500261,151.1263994
roadwork,,SCHEDULED ROADWORK,Resurfacing,,1776383083000,1781004855149,1785438000000,False,,Gordon,,-33.754723,151.15225
roadwork,,SCHEDULED ROADWORK,null,,1780054360000,1781007157009,1787512500000,False,,Pymble,,-33.757711,151.137738
roadwork,,SCHEDULED ROADWORK,Line marking,,1781009784000,1781009785036,1786302000000,False,,Brighton-Le-Sands,,-33.9608879,151.1562489
roadwork,,SCHEDULED ROADWORK,Intersection upgrade,,1777959861000,1781031646317,1782759600000,False,,Cartwright,,-33.927359,150.890491
roadwork,,SCHEDULED ROADWORK,null,,1781031646000,1781031647073,1782760500000,False,,Llandilo,,-33.6900794,150.7272967
roadwork,,SCHEDULED ROADWORK,Resurfacing,,1780552669000,1781031648552,1782673200000,False,,Liverpool,,-33.9229539,150.9268704
roadwork,,SCHEDULED ROADWORK,Upgrade,,1780988631000,1780988698605,1782243000000,False,,Moore Park,,-33.8864131,151.21806
roadwork,,SCHEDULED ROADWORK,null,,1781045341000,1781045341496,1783670400000,False,,Grenfell,,-33.8447091,148.067818
roadwork,,SCHEDULED ROADWORK,null,,1781047172000,1781047172664,1782068400000,False,,Hazelbrook,,-33.7259281,150.4579609
roadwork,,SCHEDULED ROADWORK,Maintenance,,1781047723000,1781047723767,1782414000000,False,,West Ryde,,-33.8074323,151.0868959
roadwork,,SCHEDULED ROADWORK,Maintenance,,1781050079000,1781050079569,1781809200000,False,,Auburn,,-33.8429883,151.0431184
roadwork,,SCHEDULED ROADWORK,null,,1781002802000,1781054158064,1781722800000,False,,Eastern Creek,,-33.8150054,150.8517036
roadwork,,SCHEDULED ROADWORK,Upgrade,,1781056854000,1781056854868,1781640000000,False,,Lismore,,-28.8158372,153.3372825
roadwork,,SCHEDULED ROADWORK,Intersection upgrade,,1781071277000,1781071277515,1782068400000,False,,Roseville,,-33.787348,151.17904
roadwork,,SCHEDULED ROADWORK,Resurfacing,,1770706780000,1781071636413,1783623600000,False,,Carlton,,-33.9784698,151.122495
roadwork,,SCHEDULED ROADWORK,Resurfacing,,1781071948000,1781071948886,1783623600000,False,,North Ryde,,-33.793129,151.119734
roadwork,,SCHEDULED ROADWORK,Maintenance,,1778135477000,1781073362257,1782241200000,False,,Revesby,,-33.9406216,151.0188778
roadwork,,SCHEDULED ROADWORK,Maintenance,,1781078206000,1781078207363,1781810100000,False,,Artarmon,,-33.8139272,151.1876451
roadwork,,SCHEDULED ROADWORK,null,,1781079630000,1781079630582,1784142900000,False,,Sutherland,,-34.0303802,151.0635705
roadwork,,SCHEDULED ROADWORK,Resurfacing,,1781082862000,1781082863170,1782069300000,False,,Macquarie Park,,-33.7802977,151.1318779
roadwork,,SCHEDULED ROADWORK,Resurfacing,,1781083783000,1781083783867,1782154800000,False,,Macquarie Park,,-33.7938454,151.1356836
roadwork,,FERRY OUT OF SERVICE,Routine maintenance,,1781085397000,1781085398022,1781757000000,False,,Wisemans Ferry,,-33.387231,150.979815
roadwork,,SCHEDULED ROADWORK,Utilities,,1775106986000,1781125211911,1788073200000,False,,Deniliquin,,-35.531787,144.95368
roadwork,,SCHEDULED ROADWORK,null,,1781132998000,1781132998918,1781550000000,False,,Warners Bay,,-32.9752247,151.6464743
roadwork,,SCHEDULED ROADWORK,null,,1781135222000,1781135223296,1782241200000,False,,Picton,,-34.178216,150.613962
roadwork,,SCHEDULED ROADWORK,null,,1781135193000,1781135738570,1781810100000,False,,Rhodes,,-33.8314554,151.0881144
roadwork,,SCHEDULED ROADWORK,Bridge work,,1781136955000,1781139883260,1782493200000,False,,Woodville,,-32.6803578,151.6055136
roadwork,,SCHEDULED ROADWORK,null,,1732093988000,1781143758995,1798705260000,False,,Cammeray to North Sydney,,-33.8231368,151.2071044
roadwork,,SCHEDULED ROADWORK,Resurfacing,,1780553869000,1781144901377,1782239400000,False,,Sydney,,-33.8664494,151.2030116
roadwork,,SCHEDULED ROADWORK,Intersection upgrade,,1775430004000,1781147857084,1824876000000,False,,Hillsborough,,-32.9598584,151.6670263
roadwork,,SCHEDULED ROADWORK,null,,1781149548000,1781149548443,1781550000000,False,,Prestons,,-33.934062,150.8686511
roadwork,,SCHEDULED ROADWORK,Line marking,,1781150068000,1781150312961,1781636400000,False,,Middleton Grange,,-33.9188068,150.8523366
roadwork,,SCHEDULED ROADWORK,Slope stabilisation,,1772679596000,1781152221532,1788529500000,False,,Geehi,,-36.3564093,148.2031576
roadwork,,SCHEDULED ROADWORK,Intersection upgrade,,1771786805000,1781153982242,1782914340000,False,,Dubbo,,-32.2340187,148.6110169
roadwork,,SCHEDULED ROADWORK,null,,1781155959000,1781155959514,1782594900000,False,,Ultimo,,-33.877837,151.198679
roadwork,,SCHEDULED ROADWORK,Resurfacing,,1780059402000,1781176380354,1782069300000,False,,Bexley,,-33.9498882,151.124466
roadwork,,SCHEDULED ROADWORK,Maintenance,,1781177003000,1781177244111,1782502200000,False,,Lane Cove to Linley Point,,-33.8250788,151.1501647
roadwork,,SCHEDULED ROADWORK,Resurfacing,,1781177702000,1781177703426,1782329400000,False,,Fairfield East,,-33.8685108,150.9869605
roadwork,,SCHEDULED ROADWORK,null,,1781178250000,1781178250858,1782631800000,False,,Sydney,,-33.8736721,151.2051649
roadwork,,SCHEDULED ROADWORK,Resurfacing,,1773964717000,1781183573877,1782846000000,False,,West Pennant Hills to Thornleigh,,-33.7388083,151.0728436
roadwork,,SCHEDULED ROADWORK,null,,1780367883000,1781204463056,1782069300000,False,,Pymble,,-33.741737,151.13896
roadwork,,SCHEDULED ROADWORK,null,,1781216238000,1781216239315,1797577200000,False,,Moree,,-29.563402,149.405823
roadwork,,SCHEDULED ROADWORK,Resurfacing,,1781178693000,1781220090890,1781551800000,False,,Seven Hills,,-33.7657414,150.9582383
roadwork,,SCHEDULED ROADWORK,Slope stabilisation,,1746156297000,1781220207264,1795417200000,False,,Howes Valley,,-32.7303041,150.941745
roadwork,,SCHEDULED ROADWORK,Maintenance,,1781221427000,1781221427786,1782500400000,False,,Five Dock,,-33.869261,151.129547
roadwork,,SCHEDULED ROADWORK,Maintenance,,1781221734000,1781221735034,1782324000000,False,,Randwick,,-33.906257,151.231128
roadwork,,SCHEDULED ROADWORK,Line marking,,1765754367000,1781221920835,1782460800000,False,,Willow Tree,,-31.6082656,150.7120141
roadwork,,SCHEDULED ROADWORK,Maintenance,,1779660050000,1781222164822,1784275200000,False,,Thora,,-30.4085456,152.7536378
roadwork,,SCHEDULED ROADWORK,null,,1781222248000,1781222248576,1783881000000,False,,Sydney,,-33.8633743,151.2047521
roadwork,,SCHEDULED ROADWORK,Resurfacing,,1777902764000,1780548007783,1781637300000,False,,Moorebank,,-33.9429163,150.9429717
roadwork,,SCHEDULED ROADWORK,Maintenance,,1779668685000,1781222560592,1782759600000,False,,Colongra,,-33.2116316,151.5296566
roadwork,,SCHEDULED ROADWORK,Bridge work,,1781222982000,1781222983321,1782458100000,False,,Bexhill,,-28.7578363,153.355844
roadwork,,SCHEDULED ROADWORK,null,,1780358780000,1781223769011,1781809200000,False,,Eastern Creek,,-33.812075,150.8514783
roadwork,,SCHEDULED ROADWORK,null,,1781229763000,1781229763939,1786694400000,False,,Steeple Flat,,-36.584537,149.318581
roadwork,,SCHEDULED ROADWORK,null,,1781232834000,1781232834429,1782025200000,False,,Mount Adrah,,-35.1657023,147.8886772
roadwork,,SCHEDULED ROADWORK,Bridge work,,1780630525000,1781233002634,1787299200000,False,,Mallan,,-35.135394,143.681628
roadwork,,SCHEDULED ROADWORK,Maintenance,,1778025284000,1781233038518,1781596800000,False,,Coolac,,-34.8891587,148.2175886
roadwork,,SCHEDULED ROADWORK,Line marking,,1780057197000,1781234491151,1781637300000,False,,Blackheath,,-33.650007,150.284988
roadwork,,SCHEDULED ROADWORK,Utilities,,1781235167000,1781235168175,1781464500000,False,,Badgerys Creek,,-33.8702115,150.7265396
roadwork,,SCHEDULED ROADWORK,null,,1781236803000,1781236804293,1786867200000,False,,Coonamble,,-31.102825,148.399578
roadwork,,SCHEDULED ROADWORK,null,,1781236803000,1781236804269,1791612000000,False,,Nyngan,,-31.550352,147.172682
roadwork,,SCHEDULED ROADWORK,null,,1781238128000,1781238129041,1782417600000,False,,Narooma,,-36.2221963,150.1279799
roadwork,,SCHEDULED ROADWORK,null,,1781238317000,1781238317501,1782806400000,False,,East Wagga Wagga,,-35.1250509,147.4076307
roadwork,,SCHEDULED ROADWORK,null,,1776121454000,1781238421489,1792134000000,False,,Willbriggie,,-34.4650022,146.0165923
roadwork,,SCHEDULED ROADWORK,Resurfacing,,1781240275000,1781240275615,1782674100000,False,,Dubbo,,-32.249124,148.592594
roadwork,,SCHEDULED ROADWORK,Power pole/line repairs,,1781241583000,1781241583517,1781550900000,False,,Brighton-Le-Sands,,-33.960016,151.154267
roadwork,,SCHEDULED ROADWORK,null,,1761272449000,1781241935482,1781856000000,False,,Adelong,,-35.3155719,148.0361491
roadwork,,SCHEDULED ROADWORK,Power pole/line repairs,,1781242083000,1781242083747,1782328500000,False,,Crows Nest,,-33.827661,151.200769
roadwork,,SCHEDULED ROADWORK,null,,1781242150000,1781242150887,1781850600000,False,,Gadara,,-35.2982363,148.091178
roadwork,,SCHEDULED ROADWORK,null,,1781242336000,1781242336458,1781850600000,False,,Bowning,,-34.780557,148.856207
roadwork,,SCHEDULED ROADWORK,Upgrade,,1781242713000,1781242713478,1781637300000,False,,Melrose Park,,-33.80855,151.066731
roadwork,,SCHEDULED ROADWORK,Resurfacing,,1780557341000,1781242931722,1793426400000,False,,Boro,,-35.2000108,149.6721478
roadwork,,SCHEDULED ROADWORK,null,,1781243110000,1781243111095,1781852400000,False,,Erin Vale,,-34.7038193,147.5853147
roadwork,,SCHEDULED ROADWORK,null,,1781244400000,1781244401213,1782457200000,False,,Bethungra,,-34.7617328,147.857983
roadwork,,SCHEDULED ROADWORK,null,,1781244811000,1781244811823,1781683200000,False,,Hay,,-34.3711291,144.8134461
roadwork,,SCHEDULED ROADWORK,null,,1781245216000,1781245216970,1783065600000,False,,Gundagai,,-35.0005051,148.1126094
roadwork,,SCHEDULED ROADWORK,Upgrade,,1772003613000,1781245303075,1793343600000,False,,Queanbeyan,,-35.3526111,149.2358673
roadwork,,SCHEDULED ROADWORK,Resurfacing,,1771894709000,1781245392305,1793516400000,False,,Forest Hill to Borambola,,-35.1696436,147.6324723
roadwork,,SCHEDULED ROADWORK,null,,1781245590000,1781245590993,1782720000000,False,,Wanganella,,-35.1663989,144.8140228
roadwork,,SCHEDULED ROADWORK,null,,1781260132000,1781260132832,1782415800000,False,,Freemans Waterhole to Minmi,,-32.9872993,151.5190239
roadwork,,SCHEDULED ROADWORK,Resurfacing,,1777469727000,1781261085295,1784056500000,False,,Chester Hill/Granville,,-33.8584973,150.9940103
roadwork,,SCHEDULED ROADWORK,null,,1781261447000,1781261447589,1782844200000,False,,Homebush West,,-33.8562665,151.0690453
roadwork,,SCHEDULED ROADWORK,null,,1777906696000,1781261634069,1782761400000,False,,Oxley Park to Colyton,,-33.7749248,150.7940273
roadwork,,SCHEDULED ROADWORK,Bridge work,,1781262405000,1781262406115,1782070200000,False,,Cabramatta to Bass Hill,,-33.890333,150.96736
roadwork,,SCHEDULED ROADWORK,Power pole/line repairs,,1781262760000,1781262760554,1782070200000,False,,Alexandria,,-33.9034593,151.202121
roadwork,,SCHEDULED ROADWORK,Resurfacing,,1776404101000,1781334002788,1786345200000,False,,Batemans Bay,,-35.714709,150.174736
roadwork,,SCHEDULED ROADWORK,null,,1779797483000,1781335717941,1781812800000,False,,North Sydney,,-33.8444308,151.2115405
roadwork,,SCHEDULED ROADWORK,Warringah Freeway Upgrade,,1754541149000,1781336353300,1798653600000,False,,Sydney to North Sydney,,-33.8552199,151.213469
roadwork,,SCHEDULED ROADWORK,Line marking,,1781237963000,1781380803812,1784746800000,False,,Blue Mountains,,-33.6916322,150.5445397
roadwork,,SCHEDULED ROADWORK,null,,1777424703000,1781384463854,1783065600000,False,,Moruya,,-35.877119,150.095272
roadwork,,SCHEDULED ROADWORK,Slope stabilisation,,1756097275000,1781414945532,1788026400000,False,,Macquarie Pass,,-34.5599603,150.6404134
majorevent,,SPECIAL EVENT,null,,1772405573000,1780449213858,1781442000000,False,,Rozelle,,-33.8661363,151.1763367
majorevent,,SPECIAL EVENT,null,,1780465253000,1780466125468,1782478800000,False,,Parramatta,,-33.8160766,151.0037879
majorevent,,SPECIAL EVENT,null,,1780465514000,1780466169754,1784555100000,False,,Sydney,,-33.8765384,151.1995098
majorevent,,SPECIAL EVENT,null,,1779081240000,1780972624530,1782007200000,False,,"Parramatta, Westmead",,-33.8110917,151.0007222
majorevent,,SPECIAL EVENT,null,,1780987195000,1780987196376,1781940600000,False,,Randwick,,-33.904483,151.2265093
majorevent,,SPECIAL EVENT,null,,1780987473000,1780987474222,1782453600000,False,,Sydney Olympic Park,,-33.8459075,151.0651488
majorevent,,SPECIAL EVENT,null,,1780987525000,1780987526538,1781701200000,False,,Sydney Olympic Park,,-33.8424232,151.0624443
majorevent,,SPECIAL EVENT,null,,1781151142000,1781151143374,1781874000000,False,,Broadmeadow,,-32.918225,151.7245507
majorevent,,SPECIAL EVENT,null,,1781151239000,1781151239784,1781963100000,False,,Sydney Olympic Park,,-33.8440366,151.0636972
majorevent,,SPECIAL EVENT,null,,1781151949000,1781151950501,1782032400000,False,,Sydney Olympic Park,,-33.8440044,151.0707409
majorevent,,SPECIAL EVENT,null,,1781151675000,1781151957098,1781941500000,False,,Leumeah,,-34.0510412,150.835112
majorevent,,SPECIAL EVENT,null,,1781239880000,1781239880456,1782561600000,False,,Albion Park,,-34.5708403,150.7737397
alpine,,ALPINE CONDITIONS,null,,1780723093000,1781121149106,,False,,Kosciuszko National Park,,-36.3950323,148.309636
alpine,,ALPINE CONDITIONS,null,,1780019156000,1781121297574,,False,,Kiandra to Tumbarumba,,-35.8672435,148.4959142
alpine,,ALPINE CONDITIONS,null,,1780019140000,1781295908141,,False,,Cooma to Brown Mountain,,-36.2444394,149.1396387
alpine,,ALPINE CONDITIONS,null,,1780019127000,1781379412614,,False,,Cooma to Tumut,,-36.2469831,149.0515851
alpine,,ALPINE CONDITIONS,Snow and Ice,,1780019112000,1781379508767,,False,,Jindabyne to Khancoban,,-36.410512,148.591514
alpine,,ALPINE CONDITIONS,null,,1780019094000,1781379543138,,False,,Jindabyne to Perisher Valley,,-36.4082366,148.5992197
