event_id,name,date,time,status,venue,city,state,address,latitude,longitude,category,genre,sub_genre,min_price,max_price,url,source,year
1APZk8JGkeMgbw_,GIANTS Netball v NSW Swifts,2026-06-14,16:00:00,offsale,Ken Rosewall Arena,Sydney Olympic Park,NSW,Cnr Olympic Blvd & Shirley Strickland Ave,-33.85385614,151.07196768,Sports,Netball,Netball,,,https://www.ticketmaster.com.au/giants-netball-v-nsw-swifts-sydney-olympic-park-14-06-2026/event/25006426B7D58C99,ticketmaster,2026
1avGZ_A1_-kZd526,2026 NRL Telstra Premiership - Newcastle Knights v Dragons,2026-06-19,20:00:00,onsale,McDonald Jones Stadium,Newcastle,NSW,294 Turton Rd,-32.916649,151.726257,Sports,Rugby,Rugby League,,,https://www.ticketmaster.com.au/2026-nrl-telstra-premiership-newcastle-knights-newcastle-19-06-2026/event/1300645299846AE6,ticketmaster,2026
1APZkoYGkd424BF,Civic Stakes Day,2026-06-20,10:00:00,onsale,Royal Randwick Racecourse,Randwick,NSW,Alison Road,-33.908595,151.22896,Sports,Equestrian,Horse Racing,,,https://www.ticketmaster.com.au/civic-stakes-day-randwick-20-06-2026/event/25006470D53D5E88,ticketmaster,2026
1AKZk8UGkdisbz0,GWS GIANTS v Carlton,2026-06-20,16:15:00,onsale,ENGIE Stadium,Olympic Park,NSW,Grand Parade,-33.843016,151.067664,Sports,Football,AFL,,,https://www.ticketmaster.com.au/gws-giants-v-carlton-olympic-park-20-06-2026/event/13006436ECC58E24,ticketmaster,2026
15efZ_71A7s-k,2026 NRL Telstra Premiership Bulldogs v Sea Eagles (Round 16),2026-06-20,19:30:00,onsale,Accor Stadium,Sydney Olympic Park,NSW,15 Edwin Flack Avenue,-33.848603,151.061717,Sports,Rugby,Rugby League,,,https://www.ticketmaster.com.au/2026-nrl-telstra-premiership-bulldogs-v-sydney-olympic-park-20-06-2026/event/2500644285131846,ticketmaster,2026
16efZ_7fzG7nMKc,2026 NRL Telstra Premiership - Sydney Roosters v Sharks (Round 16),2026-06-21,18:15:00,onsale,Allianz Stadium,Sydney,NSW,Moore Park Rd,-33.888345,151.226623,Sports,Rugby,Rugby League,,,https://www.ticketmaster.com.au/2026-nrl-telstra-premiership-sydney-roosters-sydney-21-06-2026/event/2500644538AB74ED,ticketmaster,2026
1AefZ_eGkTlkt3H,2026 NRL Telstra Premiership - Parramatta Eels v Rabbitohs (Round 17),2026-06-25,19:50:00,onsale,CommBank Stadium,Parramatta,NSW,11-13 O'Connell Street,-33.808133,150.999678,Sports,Rugby,Rugby League,,,https://www.ticketmaster.com.au/2026-nrl-telstra-premiership-parramatta-eels-parramatta-25-06-2026/event/2500642FEB1A94BC,ticketmaster,2026
1APZkoYGkdq7Jo1,McKell Cup Day,2026-06-27,10:00:00,onsale,Rosehill Gardens Racecourse,Rosehill,NSW,James Ruse Dr,-33.822586,151.023369,Sports,Equestrian,Horse Racing,,,https://www.ticketmaster.com.au/mckell-cup-day-rosehill-27-06-2026/event/25006470DD12644A,ticketmaster,2026
1AvGZ_eGkUYeAQx,2026 NRL Telstra Premiership Sea Eagles v Storm (Round 17),2026-06-27,19:35:00,onsale,4 Pines Park,Brookvale,NSW,Pittwater Road,-33.761176,151.276451,Sports,Rugby,Rugby League,,,https://www.ticketmaster.com.au/2026-nrl-telstra-premiership-sea-eagles-brookvale-27-06-2026/event/1300642DB00856A2,ticketmaster,2026
16KZko3JbZA8658u,2026 NRL Telstra Premiership - Newcastle Knights v Wests Tigers,2026-06-28,16:05:00,onsale,McDonald Jones Stadium,Newcastle,NSW,294 Turton Rd,-32.916649,151.726257,Sports,Rugby,Rugby League,,,https://www.ticketmaster.com.au/2026-nrl-telstra-premiership-newcastle-knights-newcastle-28-06-2026/event/13006452998F6AFC,ticketmaster,2026
17a8v0G653_Fx03,Sydney Swans v Western Bulldogs - RED ZONE,2026-07-03,19:40:00,onsale,Sydney Cricket Ground,Moore Park,NSW,Driver Avenue,-33.889832,151.223348,Sports,Football,AFL,,,https://www.ticketmaster.com.au/sydney-swans-v-western-bulldogs-red-moore-park-03-07-2026/event/250064B499222912,ticketmaster,2026
17a8v0G65K82p52,Sydney Swans V Western Bulldogs,2026-07-03,19:40:00,onsale,Sydney Cricket Ground,Moore Park,NSW,Driver Avenue,-33.889832,151.223348,Sports,Football,AFL,,,https://www.ticketmaster.com.au/sydney-swans-v-western-bulldogs-moore-park-03-07-2026/event/250064B4D03D62CF,ticketmaster,2026
1AefZbzGkTuuguK, 2026 NRL Telstra Premiership Penrith Panthers v Rabbitohs (Round 18),2026-07-03,20:00:00,onsale,CommBank Stadium,Parramatta,NSW,11-13 O'Connell Street,-33.808133,150.999678,Sports,Rugby,Rugby League,,,https://www.ticketmaster.com.au/2026-nrl-telstra-premiership-penrith-panthers-parramatta-03-07-2026/event/2500638FCD375353,ticketmaster,2026
1APZkoYGkdq2UoL,Members Appreciation Day,2026-07-04,10:00:00,onsale,Rosehill Gardens Racecourse,Rosehill,NSW,James Ruse Dr,-33.822586,151.023369,Sports,Equestrian,Horse Racing,,,https://www.ticketmaster.com.au/members-appreciation-day-rosehill-04-07-2026/event/25006470DD3F645F,ticketmaster,2026
15efZbU-U8Fay,The Nations Championship - Wallabies v Ireland,2026-07-04,20:00:00,onsale,Allianz Stadium,Sydney,NSW,Moore Park Rd,-33.888345,151.226623,Sports,Rugby,Rugby Union,,,https://www.ticketmaster.com.au/the-nations-championship-wallabies-v-ireland-sydney-04-07-2026/event/2500636876408279,ticketmaster,2026
1AefZ_eGkTlFaK2,2026 NRL Telstra Premiership - Parramatta Eels v Sea Eagles (Round 18),2026-07-05,14:00:00,onsale,CommBank Stadium,Parramatta,NSW,11-13 O'Connell Street,-33.808133,150.999678,Sports,Rugby,Rugby League,,,https://www.ticketmaster.com.au/2026-nrl-telstra-premiership-parramatta-eels-parramatta-05-07-2026/event/2500642FEB2094CF,ticketmaster,2026
16vGZ_6xAG7Sszx,NSW Waratahs Women V QLD Reds Women,2026-07-05,16:05:00,onsale,Leichhardt Oval,Lilyfield,NSW,Mary St,-33.868673,151.154016,Sports,Rugby,Rugby Union,,,https://www.ticketmaster.com.au/nsw-waratahs-women-v-qld-reds-lilyfield-05-07-2026/event/1300647885CF1E22,ticketmaster,2026
16vGZ_A1_G7tkiw,2026 NRL Telstra Premiership - Newcastle Knights v Dolphins,2026-07-05,16:05:00,onsale,McDonald Jones Stadium,Newcastle,NSW,294 Turton Rd,-32.916649,151.726257,Sports,Rugby,Rugby League,,,https://www.ticketmaster.com.au/2026-nrl-telstra-premiership-newcastle-knights-newcastle-05-07-2026/event/1300645299A46B32,ticketmaster,2026
1APZkoYGkd44AB3,Racing For Good Charity Raceday,2026-07-11,10:00:00,onsale,Royal Randwick Racecourse,Randwick,NSW,Alison Road,-33.908595,151.22896,Sports,Equestrian,Horse Racing,,,https://www.ticketmaster.com.au/racing-for-good-charity-raceday-randwick-11-07-2026/event/25006470D5545E92,ticketmaster,2026
177Yv0G65rOrU2h,GWS Giants v Geelong,2026-07-11,16:15:00,onsale,ENGIE Stadium,Olympic Park,NSW,Grand Parade,-33.843016,151.067664,Sports,Football,AFL,,,https://www.ticketmaster.com.au/gws-giants-v-geelong-olympic-park-11-07-2026/event/130064B7A07B63DB,ticketmaster,2026
11a8v08IfEk7vC,2026 NRL Telstra Premiership Bulldogs v Raiders (Round 19),2026-07-11,17:30:00,onsale,Accor Stadium,Sydney Olympic Park,NSW,15 Edwin Flack Avenue,-33.848603,151.061717,Sports,Rugby,Rugby League,,,https://www.ticketmaster.com.au/2026-nrl-telstra-premiership-bulldogs-v-sydney-olympic-park-11-07-2026/event/250064428527184D,ticketmaster,2026
15efZ_7fyqMfp,2026 NRL Telstra Premiership - Sydney Roosters v Eels (Round 19),2026-07-11,19:30:00,onsale,Allianz Stadium,Sydney,NSW,Moore Park Rd,-33.888345,151.226623,Sports,Rugby,Rugby League,,,https://www.ticketmaster.com.au/2026-nrl-telstra-premiership-sydney-roosters-sydney-11-07-2026/event/2500644539777516,ticketmaster,2026
1AvGZ_kGkmzsAIi,Nations Championship - Japan v Ireland,2026-07-11,20:00:00,onsale,McDonald Jones Stadium,Newcastle,NSW,294 Turton Rd,-32.916649,151.726257,Sports,Rugby,Rugby Union,,,https://www.ticketmaster.com.au/nations-championship-japan-v-ireland-newcastle-11-07-2026/event/1300646BB8C45A2C,ticketmaster,2026
177Yv0G65RvDMFD,2026 NRLW Telstra Premiership - St George Illawarra Dragons v Eels,2026-07-12,13:45:00,onsale,WIN Stadium,Wollongong,NSW,Corner Of Crown & Harbour Streets,-34.4272334,150.90241326,Sports,Rugby,Rugby League,,,https://www.ticketmaster.com.au/2026-nrlw-telstra-premiership-st-george-wollongong-12-07-2026/event/130064BBC1EF723B,ticketmaster,2026
1APZkoaGkd5PVfm,2026 NRL Telstra Premiership - Rabbitohs v Knights (Round 19),2026-07-12,14:00:00,onsale,Accor Stadium,Sydney Olympic Park,NSW,15 Edwin Flack Avenue,-33.848603,151.061717,Sports,Rugby,Rugby League,,,https://www.ticketmaster.com.au/2026-nrl-telstra-premiership-rabbitohs-v-sydney-olympic-park-12-07-2026/event/25006449CB97452E,ticketmaster,2026
1AvGZ_eGkUY14QW,2026 NRL Telstra Premiership Sea Eagles v Cowboys (Round 19),2026-07-12,16:05:00,onsale,4 Pines Park,Brookvale,NSW,Pittwater Road,-33.761176,151.276451,Sports,Rugby,Rugby League,,,https://www.ticketmaster.com.au/2026-nrl-telstra-premiership-sea-eagles-brookvale-12-07-2026/event/1300642DB02956BD,ticketmaster,2026
1AefZbzGkTu2guh, 2026 NRL Telstra Premiership Penrith Panthers v Broncos (Round 20),2026-07-16,19:50:00,onsale,CommBank Stadium,Parramatta,NSW,11-13 O'Connell Street,-33.808133,150.999678,Sports,Rugby,Rugby League,,,https://www.ticketmaster.com.au/2026-nrl-telstra-premiership-penrith-panthers-parramatta-16-07-2026/event/2500638FCD3F535B,ticketmaster,2026
17a8v0G653_p3PN,Sydney Swans v Adelaide Crows - RED ZONE,2026-07-17,19:40:00,onsale,Sydney Cricket Ground,Moore Park,NSW,Driver Avenue,-33.889832,151.223348,Sports,Football,AFL,,,https://www.ticketmaster.com.au/sydney-swans-v-adelaide-crows-red-moore-park-17-07-2026/event/250064B499592963,ticketmaster,2026
17a8v0G65K3nU3E,Sydney Swans v Adelaide Crows,2026-07-17,19:40:00,onsale,Sydney Cricket Ground,Moore Park,NSW,Driver Avenue,-33.889832,151.223348,Sports,Football,AFL,,,https://www.ticketmaster.com.au/sydney-swans-v-adelaide-crows-moore-park-17-07-2026/event/250064B4D2AB64A7,ticketmaster,2026
16efZ_7fyG7BEfV,2026 NRL Telstra Premiership - Sydney Roosters v Storm (Round 20),2026-07-17,20:00:00,onsale,Allianz Stadium,Sydney,NSW,Moore Park Rd,-33.888345,151.226623,Sports,Rugby,Rugby League,,,https://www.ticketmaster.com.au/2026-nrl-telstra-premiership-sydney-roosters-sydney-17-07-2026/event/2500644539EA7534,ticketmaster,2026
1APZkoYGkdqbpol,Winter Challenge Day,2026-07-18,10:15:00,onsale,Rosehill Gardens Racecourse,Rosehill,NSW,James Ruse Dr,-33.822586,151.023369,Sports,Equestrian,Horse Racing,,,https://www.ticketmaster.com.au/winter-challenge-day-rosehill-18-07-2026/event/25006470DD61646B,ticketmaster,2026
177Yv0G65wrZKc-,Wanderer Promotions Presents Wanderer V111 The Rising,2026-07-18,17:30:00,onsale,Sydney Event Centre,Pyrmont,NSW,80 Pyrmont Street,-33.868017,151.195545,Sports,Boxing,Boxing,,,https://www.ticketmaster.com.au/wanderer-promotions-presents-wanderer-v111-the-pyrmont-18-07-2026/event/130064BC9E013B61,ticketmaster,2026
15efZ_71AG--3,2026 NRL Telstra Premiership Bulldogs v Tigers (Round 20),2026-07-18,19:30:00,onsale,Accor Stadium,Sydney Olympic Park,NSW,15 Edwin Flack Avenue,-33.848603,151.061717,Sports,Rugby,Rugby League,,,https://www.ticketmaster.com.au/2026-nrl-telstra-premiership-bulldogs-v-sydney-olympic-park-18-07-2026/event/2500644285321852,ticketmaster,2026
1AefZ_eGkTla_K0,2026 NRL Telstra Premiership - Parramatta Eels v Panthers (Round 21),2026-07-23,19:50:00,onsale,CommBank Stadium,Parramatta,NSW,11-13 O'Connell Street,-33.808133,150.999678,Sports,Rugby,Rugby League,,,https://www.ticketmaster.com.au/2026-nrl-telstra-premiership-parramatta-eels-parramatta-23-07-2026/event/2500642FEB2594E4,ticketmaster,2026
1avGZ_A1_rpZd5Cv,2026 NRL Telstra Premiership - Newcastle Knights v Sydney Roosters,2026-07-24,18:00:00,onsale,McDonald Jones Stadium,Newcastle,NSW,294 Turton Rd,-32.916649,151.726257,Sports,Rugby,Rugby League,,,https://www.ticketmaster.com.au/2026-nrl-telstra-premiership-newcastle-knights-newcastle-24-07-2026/event/1300645299796AD0,ticketmaster,2026
1APZkoaGkdaT03W,2026 NRL Telstra Premiership - Rabbitohs v Storm (Round 21),2026-07-24,20:00:00,onsale,Accor Stadium,Sydney Olympic Park,NSW,15 Edwin Flack Avenue,-33.848603,151.061717,Sports,Rugby,Rugby League,,,https://www.ticketmaster.com.au/2026-nrl-telstra-premiership-rabbitohs-v-sydney-olympic-park-24-07-2026/event/25006449C9FE44BD,ticketmaster,2026
1APZkoYGkdIWkgR,Industry Celebration Day,2026-07-25,10:15:00,onsale,Royal Randwick Racecourse,Randwick,NSW,Alison Road,-33.908595,151.22896,Sports,Equestrian,Horse Racing,,,https://www.ticketmaster.com.au/industry-celebration-day-randwick-25-07-2026/event/25006470E8F46D6F,ticketmaster,2026
177Yv0G65r-vkKy,GWS GIANTS v Sydney Swans,2026-07-25,16:35:00,onsale,ENGIE Stadium,Olympic Park,NSW,Grand Parade,-33.843016,151.067664,Sports,Football,AFL,,,https://www.ticketmaster.com.au/gws-giants-v-sydney-swans-olympic-park-25-07-2026/event/130064B7A10464F9,ticketmaster,2026
16PZkoe-KZA5eak2,2026 NRL Telstra Premiership Bulldogs v Warriors (Round 21),2026-07-25,17:30:00,onsale,Accor Stadium,Sydney Olympic Park,NSW,15 Edwin Flack Avenue,-33.848603,151.061717,Sports,Rugby,Rugby League,,,https://www.ticketmaster.com.au/2026-nrl-telstra-premiership-bulldogs-v-sydney-olympic-park-25-07-2026/event/25006442853A185E,ticketmaster,2026
1AvGZ_eGkUYbghB,2026 NRL Telstra Premiership Sea Eagles v Sharks (Round 21),2026-07-26,16:05:00,onsale,4 Pines Park,Brookvale,NSW,Pittwater Road,-33.761176,151.276451,Sports,Rugby,Rugby League,,,https://www.ticketmaster.com.au/2026-nrl-telstra-premiership-sea-eagles-brookvale-26-07-2026/event/1300642DB06356FA,ticketmaster,2026
1APZkCFGkdNXAK8,Chelsea F.C. Open Training,2026-07-26,,offsale,Allianz Stadium,Sydney,NSW,Moore Park Rd,-33.888345,151.226623,Sports,Soccer,Soccer,,,https://www.ticketmaster.com.au/chelsea-fc-open-training-sydney-26-07-2026/event/25006388E3F854D0,ticketmaster,2026
16efZbz1eG7XdRq,Chelsea F.C. v Western Sydney Wanderers FC,2026-07-28,19:45:00,onsale,Accor Stadium,Sydney Olympic Park,NSW,15 Edwin Flack Avenue,-33.848603,151.061717,Sports,Soccer,Soccer,,,https://www.ticketmaster.com.au/chelsea-fc-v-western-sydney-wanderers-sydney-olympic-park-28-07-2026/event/2500638282F83BDD,ticketmaster,2026
1APZkCdGkdORMX_,Tottenham Hotspur v Sydney FC,2026-07-29,19:45:00,onsale,Allianz Stadium,Sydney,NSW,Moore Park Rd,-33.888345,151.226623,Sports,Soccer,Soccer,,,https://www.ticketmaster.com.au/tottenham-hotspur-v-sydney-fc-sydney-29-07-2026/event/25006383E0BF7F99,ticketmaster,2026
1APZkCaGkdEWP4r,Tottenham Hotspur Open Training,2026-07-31,18:00:00,onsale,Allianz Stadium,Sydney,NSW,Moore Park Rd,-33.888345,151.226623,Sports,Soccer,Soccer,,,https://www.ticketmaster.com.au/tottenham-hotspur-open-training-sydney-31-07-2026/event/25006389E7F6555E,ticketmaster,2026
1AvGZ_dGkMJKztb,2026 NRL Telstra Premiership - Dragons v Dolphins,2026-07-31,18:00:00,onsale,WIN Stadium,Wollongong,NSW,Corner Of Crown & Harbour Streets,-34.4272334,150.90241326,Sports,Rugby,Rugby League,,,https://www.ticketmaster.com.au/2026-nrl-telstra-premiership-dragons-v-wollongong-31-07-2026/event/1300643DE64F8A58,ticketmaster,2026
17a8v0G61xGaogU,Rosehill Gardens Raceday,2026-08-01,10:30:00,onsale,Rosehill Gardens Racecourse,Rosehill,NSW,James Ruse Dr,-33.822586,151.023369,Sports,Equestrian,Horse Racing,,,https://www.ticketmaster.com.au/rosehill-gardens-raceday-rosehill-01-08-2026/event/250064A88C251D76,ticketmaster,2026
1APZko0Gkddnta-,2026 NRL Telstra Premiership - Wests Tigers v Eels (Round 22),2026-08-02,16:05:00,onsale,CommBank Stadium,Parramatta,NSW,11-13 O'Connell Street,-33.808133,150.999678,Sports,Rugby,Rugby League,,,https://www.ticketmaster.com.au/2026-nrl-telstra-premiership-wests-tigers-parramatta-02-08-2026/event/25006464C3AA9261,ticketmaster,2026
1ka8v0oKGA1zM4w,2026 NRL Telstra Premiership - Sydney Roosters v Bulldogs (Round 23),2026-08-07,20:00:00,onsale,Allianz Stadium,Sydney,NSW,Moore Park Rd,-33.888345,151.226623,Sports,Rugby,Rugby League,,,https://www.ticketmaster.com.au/2026-nrl-telstra-premiership-sydney-roosters-sydney-07-08-2026/event/250064453AE37572,ticketmaster,2026
17a8v0G61xGaogz,Missile Stakes Day,2026-08-08,10:30:00,onsale,Royal Randwick Racecourse,Randwick,NSW,Alison Road,-33.908595,151.22896,Sports,Equestrian,Horse Racing,,,https://www.ticketmaster.com.au/missile-stakes-day-randwick-08-08-2026/event/250064A88C251D78,ticketmaster,2026
17a8v0G653__3Pg,Sydney Swans v Port Adelaide - RED ZONE,2026-08-08,16:15:00,onsale,Sydney Cricket Ground,Moore Park,NSW,Driver Avenue,-33.889832,151.223348,Sports,Football,AFL,,,https://www.ticketmaster.com.au/sydney-swans-v-port-adelaide-red-moore-park-08-08-2026/event/250064B499652975,ticketmaster,2026
17a8v0G65K3ck3c,Sydney Swans v Port Adelaide,2026-08-08,16:15:00,onsale,Sydney Cricket Ground,Moore Park,NSW,Driver Avenue,-33.889832,151.223348,Sports,Football,AFL,,,https://www.ticketmaster.com.au/sydney-swans-v-port-adelaide-moore-park-08-08-2026/event/250064B4D2B464AD,ticketmaster,2026
1AefZ_7GkHFdpw1,2026 NRL Telstra Premiership - Rabbitohs v Eels (Round 23),2026-08-08,19:35:00,onsale,Allianz Stadium,Sydney,NSW,Moore Park Rd,-33.888345,151.226623,Sports,Rugby,Rugby League,,,https://www.ticketmaster.com.au/2026-nrl-telstra-premiership-rabbitohs-v-sydney-08-08-2026/event/2500644F080D6C8A,ticketmaster,2026
1APZkCaGkd137Jc,Chelsea F.C. Women Open Training,2026-08-11,18:00:00,onsale,Allianz Stadium,Sydney,NSW,Moore Park Rd,-33.888345,151.226623,Sports,Soccer,Soccer,,,https://www.ticketmaster.com.au/chelsea-fc-women-open-training-sydney-11-08-2026/event/25006389CA4849AD,ticketmaster,2026
1APZkCdGkdLDEHu,Chelsea F.C. Women v A-League All Stars Women,2026-08-12,19:45:00,onsale,Allianz Stadium,Sydney,NSW,Moore Park Rd,-33.888345,151.226623,Sports,Soccer,Soccer,,,https://www.ticketmaster.com.au/chelsea-fc-women-v-aleague-all-sydney-12-08-2026/event/25006383DFEE7F0D,ticketmaster,2026
1AefZbzGkTuoPu0, 2026 NRL Telstra Premiership Penrith Panthers v Roosters (Round 24),2026-08-13,19:50:00,onsale,CommBank Stadium,Parramatta,NSW,11-13 O'Connell Street,-33.808133,150.999678,Sports,Rugby,Rugby League,,,https://www.ticketmaster.com.au/2026-nrl-telstra-premiership-penrith-panthers-parramatta-13-08-2026/event/2500638FCD465364,ticketmaster,2026
1AvGZ_eGkUYJPjO,2026 NRL Telstra Premiership Sea Eagles v Dolphins (Round 24),2026-08-14,18:00:00,onsale,4 Pines Park,Brookvale,NSW,Pittwater Road,-33.761176,151.276451,Sports,Rugby,Rugby League,,,https://www.ticketmaster.com.au/2026-nrl-telstra-premiership-sea-eagles-brookvale-14-08-2026/event/1300642DB09A5720,ticketmaster,2026
15efZ_71A8o-x,2026 NRL Telstra Premiership Bulldogs v Rabbitohs (Round 24),2026-08-14,20:00:00,onsale,Accor Stadium,Sydney Olympic Park,NSW,15 Edwin Flack Avenue,-33.848603,151.061717,Sports,Rugby,Rugby League,,,https://www.ticketmaster.com.au/2026-nrl-telstra-premiership-bulldogs-v-sydney-olympic-park-14-08-2026/event/2500644285411862,ticketmaster,2026
17a8v0G61xGaogB,The Rosebud Day,2026-08-15,10:30:00,onsale,Rosehill Gardens Racecourse,Rosehill,NSW,James Ruse Dr,-33.822586,151.023369,Sports,Equestrian,Horse Racing,,,https://www.ticketmaster.com.au/the-rosebud-day-rosehill-15-08-2026/event/250064A88C251D7A,ticketmaster,2026
1AefZ_eGkTl5aKH,2026 NRL Telstra Premiership - Parramatta Eels v Cowboys (Round 24),2026-08-15,17:30:00,onsale,CommBank Stadium,Parramatta,NSW,11-13 O'Connell Street,-33.808133,150.999678,Sports,Rugby,Rugby League,,,https://www.ticketmaster.com.au/2026-nrl-telstra-premiership-parramatta-eels-parramatta-15-08-2026/event/2500642FEB2C94FC,ticketmaster,2026
16vGZ_A1_G7iUcG,2026 NRL Telstra Premiership - Newcastle Knights v Gold Coast Titans,2026-08-16,14:00:00,onsale,McDonald Jones Stadium,Newcastle,NSW,294 Turton Rd,-32.916649,151.726257,Sports,Rugby,Rugby League,,,https://www.ticketmaster.com.au/2026-nrl-telstra-premiership-newcastle-knights-newcastle-16-08-2026/event/1300645299B36B4C,ticketmaster,2026
1APZko0Gkddiyal,2026 NRL Telstra Premiership - Wests Tigers v Dragons (Round 24),2026-08-16,16:05:00,onsale,CommBank Stadium,Parramatta,NSW,11-13 O'Connell Street,-33.808133,150.999678,Sports,Rugby,Rugby League,,,https://www.ticketmaster.com.au/2026-nrl-telstra-premiership-wests-tigers-parramatta-16-08-2026/event/25006464C3B3926B,ticketmaster,2026
1AKZkCFGkeOfEfH,2026 KenoGO Australian Darts Masters - Last of x16 Matches,2026-08-21,19:00:00,onsale,WIN Entertainment Centre,Wollongong,NSW,Corner Of Crown & Harbour Streets,-34.42647834,150.90263958,Sports,Miscellaneous,Miscellaneous,,,https://www.ticketmaster.com.au/2026-kenogo-australian-darts-masters-last-wollongong-21-08-2026/event/13006388A052753C,ticketmaster,2026
17a8v0G61xGaogH,Winx Stakes Day,2026-08-22,10:45:00,onsale,Royal Randwick Racecourse,Randwick,NSW,Alison Road,-33.908595,151.22896,Sports,Equestrian,Horse Racing,,,https://www.ticketmaster.com.au/winx-stakes-day-randwick-22-08-2026/event/250064A88C251D7C,ticketmaster,2026
1avGZ_A1_JpZdGe8,2026 NRL Telstra Premiership - Newcastle Knights v Manly Sea Eagles,2026-08-22,15:00:00,onsale,McDonald Jones Stadium,Newcastle,NSW,294 Turton Rd,-32.916649,151.726257,Sports,Rugby,Rugby League,,,https://www.ticketmaster.com.au/2026-nrl-telstra-premiership-newcastle-knights-newcastle-22-08-2026/event/1300645299996B1F,ticketmaster,2026
1APZkoaGkd16fK5,2026 NRL Telstra Premiership - Rabbitohs v Warriors (Round 25),2026-08-22,17:30:00,onsale,Accor Stadium,Sydney Olympic Park,NSW,15 Edwin Flack Avenue,-33.848603,151.061717,Sports,Rugby,Rugby League,,,https://www.ticketmaster.com.au/2026-nrl-telstra-premiership-rabbitohs-v-sydney-olympic-park-22-08-2026/event/25006449CA1D44CB,ticketmaster,2026
1aKZkCa0yr_ZeG2,"2026 KenoGO Australian Darts Masters - Quarter & Semi-Finals, Finals",2026-08-22,19:00:00,onsale,WIN Entertainment Centre,Wollongong,NSW,Corner Of Crown & Harbour Streets,-34.42647834,150.90263958,Sports,Miscellaneous,Miscellaneous,,,https://www.ticketmaster.com.au/2026-kenogo-australian-darts-masters-quarter-wollongong-22-08-2026/event/13006389939799BE,ticketmaster,2026
16efZ_7fyG7XMfy,2026 NRL Telstra Premiership - Sydney Roosters v Tigers (Round 25),2026-08-23,16:05:00,onsale,Allianz Stadium,Sydney,NSW,Moore Park Rd,-33.888345,151.226623,Sports,Rugby,Rugby League,,,https://www.ticketmaster.com.au/2026-nrl-telstra-premiership-sydney-roosters-sydney-23-08-2026/event/2500644539FB7539,ticketmaster,2026
1AvGZ_eGkUYwAqF,2026 NRL Telstra Premiership Sea Eagles v Dragons (Round 26),2026-08-28,18:00:00,onsale,4 Pines Park,Brookvale,NSW,Pittwater Road,-33.761176,151.276451,Sports,Rugby,Rugby League,,,https://www.ticketmaster.com.au/2026-nrl-telstra-premiership-sea-eagles-brookvale-28-08-2026/event/1300642DB0C85748,ticketmaster,2026
1AefZbzGkTuIgC1, 2026 NRL Telstra Premiership Penrith Panthers v Bulldogs (Round 26),2026-08-28,20:00:00,onsale,CommBank Stadium,Parramatta,NSW,11-13 O'Connell Street,-33.808133,150.999678,Sports,Rugby,Rugby League,,,https://www.ticketmaster.com.au/2026-nrl-telstra-premiership-penrith-panthers-parramatta-28-08-2026/event/2500638FCDA3538A,ticketmaster,2026
17a8v0G61xGa-gX,San Domenico Stakes Day,2026-08-29,10:45:00,onsale,Rosehill Gardens Racecourse,Rosehill,NSW,James Ruse Dr,-33.822586,151.023369,Sports,Equestrian,Horse Racing,,,https://www.ticketmaster.com.au/san-domenico-stakes-day-rosehill-29-08-2026/event/250064A88C261D7E,ticketmaster,2026
1ka8v0oKGA1vEfX,2026 NRL Telstra Premiership - Sydney Roosters v Dolphins (Round 26),2026-08-29,17:30:00,onsale,Allianz Stadium,Sydney,NSW,Moore Park Rd,-33.888345,151.226623,Sports,Rugby,Rugby League,,,https://www.ticketmaster.com.au/2026-nrl-telstra-premiership-sydney-roosters-sydney-29-08-2026/event/250064453A06753E,ticketmaster,2026
1AefZ_eGkTlGtf3,2026 NRL Telstra Premiership - Parramatta Eels v Sharks (Round 26),2026-08-30,16:05:00,onsale,CommBank Stadium,Parramatta,NSW,11-13 O'Connell Street,-33.808133,150.999678,Sports,Rugby,Rugby League,,,https://www.ticketmaster.com.au/2026-nrl-telstra-premiership-parramatta-eels-parramatta-30-08-2026/event/2500642FEB329512,ticketmaster,2026
16PZkoe-fZA5ea6a,2026 NRL Telstra Premiership Bulldogs v Broncos (Round 27),2026-09-03,19:50:00,onsale,Accor Stadium,Sydney Olympic Park,NSW,15 Edwin Flack Avenue,-33.848603,151.061717,Sports,Rugby,Rugby League,,,https://www.ticketmaster.com.au/2026-nrl-telstra-premiership-bulldogs-v-sydney-olympic-park-03-09-2026/event/25006442854A1868,ticketmaster,2026
1AefZ_7GkcenayC,2026 NRL Telstra Premiership - Rabbitohs v Roosters (Round 27),2026-09-04,20:00:00,onsale,Allianz Stadium,Sydney,NSW,Moore Park Rd,-33.888345,151.226623,Sports,Rugby,Rugby League,,,https://www.ticketmaster.com.au/2026-nrl-telstra-premiership-rabbitohs-v-sydney-04-09-2026/event/2500644B42A89E4E,ticketmaster,2026
17a8v0G61xGa-UZ,Chelmsford Stakes Day,2026-09-05,10:45:00,onsale,Royal Randwick Racecourse,Randwick,NSW,Alison Road,-33.908595,151.22896,Sports,Equestrian,Horse Racing,,,https://www.ticketmaster.com.au/chelmsford-stakes-day-randwick-05-09-2026/event/250064A88C261D80,ticketmaster,2026
1AvGZ_dGkMJRbnV,2026 NRL Telstra Premiership - Dragons v Eels,2026-09-06,14:00:00,onsale,WIN Stadium,Wollongong,NSW,Corner Of Crown & Harbour Streets,-34.4272334,150.90241326,Sports,Rugby,Rugby League,,,https://www.ticketmaster.com.au/2026-nrl-telstra-premiership-dragons-v-wollongong-06-09-2026/event/1300643DE6BD8AB4,ticketmaster,2026
1AefZbzGkTulACf, 2026 NRL Telstra Premiership Penrith Panthers v Tigers (Round 27),2026-09-06,16:05:00,onsale,CommBank Stadium,Parramatta,NSW,11-13 O'Connell Street,-33.808133,150.999678,Sports,Rugby,Rugby League,,,https://www.ticketmaster.com.au/2026-nrl-telstra-premiership-penrith-panthers-parramatta-06-09-2026/event/2500638FCDAC5394,ticketmaster,2026
17a8v0G65R_KcCj,2026 NRLW Telstra Premiership - Sydney Roosters v Bulldogs,2026-09-10,19:45:00,onsale,Allianz Stadium,Sydney,NSW,Moore Park Rd,-33.888345,151.226623,Sports,Rugby,Rugby League,,,https://www.ticketmaster.com.au/2026-nrlw-telstra-premiership-sydney-roosters-sydney-10-09-2026/event/250064BBD94ED39C,ticketmaster,2026
17a8v0G61xGG-U5,Run to The Rose Day,2026-09-12,10:45:00,onsale,Rosehill Gardens Racecourse,Rosehill,NSW,James Ruse Dr,-33.822586,151.023369,Sports,Equestrian,Horse Racing,,,https://www.ticketmaster.com.au/run-to-the-rose-day-rosehill-12-09-2026/event/250064A88C321D8B,ticketmaster,2026
17a8v0G65Klr9hs,Monster Jam - Sydney,2026-10-10,18:00:00,offsale,Accor Stadium,Sydney Olympic Park,NSW,15 Edwin Flack Avenue,-33.848603,151.061717,Sports,Motorsports/Racing,Motorsports/Racing,,,https://www.ticketmaster.com.au/monster-jam-sydney-sydney-olympic-park-10-10-2026/event/250064B4EB7976F1,ticketmaster,2026
16PZkuNP0ZAGFAdG,RLWC26 - Men's: Australia v New Zealand,2026-10-15,20:05:00,onsale,Allianz Stadium,Sydney,NSW,Moore Park Rd,-33.888345,151.226623,Sports,Rugby,Rugby League,,,https://www.ticketmaster.com.au/rlwc26-mens-australia-v-new-zealand-sydney-15-10-2026/event/25006363964B742B,ticketmaster,2026
16PZkuNP0ZAGFAdC,RLWC26 - Men's: Samoa v France | Women's: Australia v Samoa,2026-10-16,17:45:00,onsale,CommBank Stadium,Parramatta,NSW,11-13 O'Connell Street,-33.808133,150.999678,Sports,Rugby,Rugby League,,,https://www.ticketmaster.com.au/rlwc26-mens-samoa-v-france-womens-parramatta-16-10-2026/event/25006363964B742D,ticketmaster,2026
1APZkodGkdkVdyS,The Flight Centre Series - Wallabies v All Blacks,2026-10-17,15:45:00,onsale,Accor Stadium,Sydney Olympic Park,NSW,15 Edwin Flack Avenue,-33.848603,151.061717,Sports,Rugby,Rugby Union,,,https://www.ticketmaster.com.au/the-flight-centre-series-wallabies-v-sydney-olympic-park-17-10-2026/event/25006443C6D03E73,ticketmaster,2026
15vGZbUCpj6fd,RLWC26 - Men's: Fiji v Cook Islands | Women's: New Zealand v Fiji,2026-10-18,13:50:00,onsale,McDonald Jones Stadium,Newcastle,NSW,294 Turton Rd,-32.916649,151.726257,Sports,Rugby,Rugby League,,,https://www.ticketmaster.com.au/rlwc26-mens-fiji-v-cook-islands-newcastle-18-10-2026/event/1300636396707503,ticketmaster,2026
16PZkuNP0ZAGFAd8,RLWC26 - Men's: Tonga v Lebanon | Women's: Samoa v Wales,2026-10-23,17:50:00,onsale,CommBank Stadium,Parramatta,NSW,11-13 O'Connell Street,-33.808133,150.999678,Sports,Rugby,Rugby League,,,https://www.ticketmaster.com.au/rlwc26-mens-tonga-v-lebanon-womens-parramatta-23-10-2026/event/25006363964B742F,ticketmaster,2026
1AKZk8PGkdk8U7L,Wheelchair Rugby League World Cup 2026 - Round 1 Pool A,2026-10-30,13:00:00,onsale,WIN Entertainment Centre,Wollongong,NSW,Corner Of Crown & Harbour Streets,-34.42647834,150.90263958,Sports,Rugby,Rugby League,,,https://www.ticketmaster.com.au/wheelchair-rugby-league-world-cup-2026-wollongong-30-10-2026/event/13006425C643611F,ticketmaster,2026
15vGZbUCpjEfp,RLWC26 - Men's: England v PNG | Women's: England v Samoa,2026-10-30,17:50:00,onsale,WIN Stadium,Wollongong,NSW,Corner Of Crown & Harbour Streets,-34.4272334,150.90241326,Sports,Rugby,Rugby League,,,https://www.ticketmaster.com.au/rlwc26-mens-england-v-png-womens-wollongong-30-10-2026/event/1300636396727516,ticketmaster,2026
1k7Yv0aMGA5B3eb,Wheelchair Rugby League World Cup 2026 - Round 1 Pool B,2026-10-31,15:00:00,onsale,WIN Entertainment Centre,Wollongong,NSW,Corner Of Crown & Harbour Streets,-34.42647834,150.90263958,Sports,Rugby,Rugby League,,,https://www.ticketmaster.com.au/wheelchair-rugby-league-world-cup-2026-wollongong-31-10-2026/event/130064277BE92098,ticketmaster,2026
16PZkuNP0ZAuFA7k,RLWC26 - M: Tonga v Samoa & Lebanon v France | W: Australia v Wales,2026-11-01,15:45:00,onsale,CommBank Stadium,Parramatta,NSW,11-13 O'Connell Street,-33.808133,150.999678,Sports,Rugby,Rugby League,,,https://www.ticketmaster.com.au/rlwc26-m-tonga-v-samoa-lebanon-parramatta-01-11-2026/event/25006363964C7435,ticketmaster,2026
1k7Yv0aMGA5Hwe0,Wheelchair Rugby League World Cup 2026 - Round 2 Pools A & B,2026-11-03,11:00:00,onsale,WIN Entertainment Centre,Wollongong,NSW,Corner Of Crown & Harbour Streets,-34.42647834,150.90263958,Sports,Rugby,Rugby League,,,https://www.ticketmaster.com.au/wheelchair-rugby-league-world-cup-2026-wollongong-03-11-2026/event/130064277BF320A4,ticketmaster,2026
1k7Yv0aMGA5XedZ,Wheelchair Rugby League World Cup 2026 - Round 3 Pools A & B,2026-11-06,11:00:00,onsale,WIN Entertainment Centre,Wollongong,NSW,Corner Of Crown & Harbour Streets,-34.42647834,150.90263958,Sports,Rugby,Rugby League,,,https://www.ticketmaster.com.au/wheelchair-rugby-league-world-cup-2026-wollongong-06-11-2026/event/130064277BF820C0,ticketmaster,2026
117YvNby_Sqov5,RLWC26 - Men's & Women's SEMI FINAL 1,2026-11-07,17:55:00,onsale,McDonald Jones Stadium,Newcastle,NSW,294 Turton Rd,-32.916649,151.726257,Sports,Rugby,Rugby League,,,https://www.ticketmaster.com.au/rlwc26-mens-womens-semi-final-1-newcastle-07-11-2026/event/130063639673751A,ticketmaster,2026
1AefZbUGksMr3b9,RLWC26 - Men's & Women's SEMI FINAL 2,2026-11-08,17:55:00,onsale,Allianz Stadium,Sydney,NSW,Moore Park Rd,-33.888345,151.226623,Sports,Rugby,Rugby League,,,https://www.ticketmaster.com.au/rlwc26-mens-womens-semi-final-2-sydney-08-11-2026/event/2500636C77792617,ticketmaster,2026
1k7Yv0aMGA5TedQ,Wheelchair Rugby League World Cup 2026 - Semi Final,2026-11-09,11:00:00,onsale,WIN Entertainment Centre,Wollongong,NSW,Corner Of Crown & Harbour Streets,-34.42647834,150.90263958,Sports,Rugby,Rugby League,,,https://www.ticketmaster.com.au/wheelchair-rugby-league-world-cup-2026-wollongong-09-11-2026/event/130064277BFC20DA,ticketmaster,2026
1k7Yv0aMGA5Twdr,Wheelchair Rugby League World Cup 2026 - Semi Final,2026-11-10,17:00:00,onsale,WIN Entertainment Centre,Wollongong,NSW,Corner Of Crown & Harbour Streets,-34.42647834,150.90263958,Sports,Rugby,Rugby League,,,https://www.ticketmaster.com.au/wheelchair-rugby-league-world-cup-2026-wollongong-10-11-2026/event/130064277BFF20DE,ticketmaster,2026
1k7Yv0aMGAGZwdN,Wheelchair Rugby League World Cup 2026 - Final,2026-11-12,11:00:00,onsale,WIN Entertainment Centre,Wollongong,NSW,Corner Of Crown & Harbour Streets,-34.42647834,150.90263958,Sports,Rugby,Rugby League,,,https://www.ticketmaster.com.au/wheelchair-rugby-league-world-cup-2026-wollongong-12-11-2026/event/130064277C0320E3,ticketmaster,2026
1k7Yv0aMGAGd3dy,Wheelchair Rugby League World Cup 2026 - Final,2026-11-13,17:00:00,onsale,WIN Entertainment Centre,Wollongong,NSW,Corner Of Crown & Harbour Streets,-34.42647834,150.90263958,Sports,Rugby,Rugby League,,,https://www.ticketmaster.com.au/wheelchair-rugby-league-world-cup-2026-wollongong-13-11-2026/event/130064277C0D20F9,ticketmaster,2026
